-- MySQL dump 10.13  Distrib 8.0.45, for Linux (x86_64)
--
-- Host: localhost    Database: portland_art_supply
-- ------------------------------------------------------
-- Server version	8.0.45

/*!40101 SET @OLD_CHARACTER_SET_CLIENT=@@CHARACTER_SET_CLIENT */;
/*!40101 SET @OLD_CHARACTER_SET_RESULTS=@@CHARACTER_SET_RESULTS */;
/*!40101 SET @OLD_COLLATION_CONNECTION=@@COLLATION_CONNECTION */;
/*!50503 SET NAMES utf8mb4 */;
/*!40103 SET @OLD_TIME_ZONE=@@TIME_ZONE */;
/*!40103 SET TIME_ZONE='+00:00' */;
/*!40014 SET @OLD_UNIQUE_CHECKS=@@UNIQUE_CHECKS, UNIQUE_CHECKS=0 */;
/*!40014 SET @OLD_FOREIGN_KEY_CHECKS=@@FOREIGN_KEY_CHECKS, FOREIGN_KEY_CHECKS=0 */;
/*!40101 SET @OLD_SQL_MODE=@@SQL_MODE, SQL_MODE='NO_AUTO_VALUE_ON_ZERO' */;
/*!40111 SET @OLD_SQL_NOTES=@@SQL_NOTES, SQL_NOTES=0 */;

--
-- Table structure for table `account_data`
--

DROP TABLE IF EXISTS `account_data`;
/*!40101 SET @saved_cs_client     = @@character_set_client */;
/*!50503 SET character_set_client = utf8mb4 */;
CREATE TABLE `account_data` (
  `UserID` int NOT NULL,
  `SessionData` mediumtext,
  PRIMARY KEY (`UserID`),
  CONSTRAINT `account_data_ibfk_1` FOREIGN KEY (`UserID`) REFERENCES `users` (`UserID`)
) ENGINE=InnoDB DEFAULT CHARSET=utf8mb3;
/*!40101 SET character_set_client = @saved_cs_client */;

--
-- Dumping data for table `account_data`
--

LOCK TABLES `account_data` WRITE;
/*!40000 ALTER TABLE `account_data` DISABLE KEYS */;
INSERT INTO `account_data` VALUES (1,'a:4:{s:11:\"returnToURL\";s:54:\"http://localhost/portland_art_supply/shopping_cart.php\";s:6:\"userID\";s:1:\"1\";s:8:\"username\";s:10:\"btripp1990\";s:4:\"cart\";a:0:{}}'),(32,'a:4:{s:11:\"returnToURL\";s:54:\"http://localhost/portland_art_supply/shopping_cart.php\";s:6:\"userID\";s:2:\"32\";s:8:\"username\";s:5:\"bubba\";s:4:\"cart\";a:5:{i:0;a:9:{s:13:\"ProductItemID\";s:2:\"33\";s:12:\"CategoryName\";s:5:\"Paint\";s:15:\"SubcategoryName\";s:3:\"Oil\";s:9:\"GroupCode\";s:17:\"williamsburg-oils\";s:9:\"ColorName\";s:13:\"Spanish Earth\";s:15:\"SizeDescription\";s:5:\"37 ml\";s:5:\"Price\";s:4:\"9.79\";s:8:\"Quantity\";s:1:\"1\";s:16:\"GroupDescription\";s:23:\"Williamsburg Oil Paints\";}i:1;a:9:{s:13:\"ProductItemID\";s:2:\"23\";s:12:\"CategoryName\";s:5:\"Paint\";s:15:\"SubcategoryName\";s:3:\"Oil\";s:9:\"GroupCode\";s:38:\"golden-williamsburg-oil-titanium-white\";s:9:\"ColorName\";s:4:\"null\";s:15:\"SizeDescription\";s:4:\"8 oz\";s:5:\"Price\";s:5:\"36.95\";s:8:\"Quantity\";s:1:\"1\";s:16:\"GroupDescription\";s:32:\"Williamsburg Oil, Titanium White\";}i:2;a:9:{s:13:\"ProductItemID\";s:2:\"42\";s:12:\"CategoryName\";s:6:\"Canvas\";s:15:\"SubcategoryName\";s:18:\"Unstretched Canvas\";s:9:\"GroupCode\";s:28:\"fredrix-138-54-3yd-raw-linen\";s:9:\"ColorName\";s:4:\"null\";s:15:\"SizeDescription\";s:4:\"null\";s:5:\"Price\";s:5:\"89.97\";s:8:\"Quantity\";s:1:\"1\";s:16:\"GroupDescription\";s:54:\"Fredrix 138 Raw Linen Canvas Roll - 54&quot; x 3 Yards\";}i:3;a:9:{s:13:\"ProductItemID\";s:3:\"291\";s:12:\"CategoryName\";s:5:\"Paper\";s:15:\"SubcategoryName\";s:9:\"Notebooks\";s:9:\"GroupCode\";s:34:\"fabriano-ecoqua-gluebound-notebook\";s:9:\"ColorName\";s:6:\"Orange\";s:15:\"SizeDescription\";s:17:\"6&quot; x 8&quot;\";s:5:\"Price\";s:4:\"4.88\";s:8:\"Quantity\";s:1:\"1\";s:16:\"GroupDescription\";s:35:\"Fabriano Ecoqua Gluebound Notebooks\";}i:4;a:9:{s:13:\"ProductItemID\";s:3:\"224\";s:12:\"CategoryName\";s:6:\"Canvas\";s:15:\"SubcategoryName\";s:16:\"Stretched Canvas\";s:9:\"GroupCode\";s:40:\"art-alternatives-studio-stretched-canvas\";s:9:\"ColorName\";s:4:\"null\";s:15:\"SizeDescription\";s:32:\"10&quot; x 10&quot; (pack of 10)\";s:5:\"Price\";s:5:\"50.00\";s:8:\"Quantity\";s:1:\"1\";s:16:\"GroupDescription\";s:40:\"Art Alternatives Studio Stretched Canvas\";}}}'),(33,'a:4:{s:11:\"returnToURL\";s:46:\"http://localhost/portland_art_supply/about.php\";s:6:\"userID\";s:2:\"33\";s:8:\"username\";s:3:\"tat\";s:4:\"cart\";a:0:{}}'),(35,'a:4:{s:4:\"cart\";a:2:{i:0;a:9:{s:13:\"ProductItemID\";s:2:\"86\";s:12:\"CategoryName\";s:7:\"Brushes\";s:15:\"SubcategoryName\";s:20:\"Oil Painting Brushes\";s:9:\"GroupCode\";s:17:\"poly-foam-brushes\";s:9:\"ColorName\";s:4:\"null\";s:15:\"SizeDescription\";s:2:\"2\"\";s:5:\"Price\";s:4:\"0.99\";s:8:\"Quantity\";s:1:\"1\";s:16:\"GroupDescription\";s:17:\"Poly Foam Brushes\";}i:1;a:9:{s:13:\"ProductItemID\";s:1:\"1\";s:12:\"CategoryName\";s:5:\"Paint\";s:15:\"SubcategoryName\";s:3:\"Oil\";s:9:\"GroupCode\";s:17:\"gamblin-1980-oils\";s:9:\"ColorName\";s:16:\"Alizarin Crimson\";s:15:\"SizeDescription\";s:5:\"37 ml\";s:5:\"Price\";s:4:\"5.96\";s:8:\"Quantity\";s:1:\"1\";s:16:\"GroupDescription\";s:16:\"Gamblin1980 Oils\";}}s:11:\"returnToURL\";s:166:\"http://localhost/portland_art_supply/product_items.php?ProductGroupID=17&CategoryName=Brushes&SubcategoryName=Oil+Painting+Brushes&GroupCode=escoda-synthetic-mongoose\";s:6:\"userID\";s:2:\"35\";s:8:\"username\";s:6:\"btripp\";}'),(37,'a:4:{s:4:\"cart\";a:4:{i:0;a:9:{s:13:\"ProductItemID\";s:3:\"269\";s:12:\"CategoryName\";s:5:\"Paper\";s:15:\"SubcategoryName\";s:11:\"Sketchbooks\";s:9:\"GroupCode\";s:57:\"stillman-&-birn-delta-series-wirebound-premium-sketchbook\";s:9:\"ColorName\";s:4:\"null\";s:15:\"SizeDescription\";s:4:\"null\";s:5:\"Price\";s:5:\"18.74\";s:8:\"Quantity\";s:1:\"1\";s:16:\"GroupDescription\";s:67:\"Stillman & Birn Delta Series Wirebound Premium Sketchbook, 7\" x 10\"\";}i:1;a:9:{s:13:\"ProductItemID\";s:3:\"568\";s:12:\"CategoryName\";s:7:\"Brushes\";s:15:\"SubcategoryName\";s:27:\"Watercolor Painting Brushes\";s:9:\"GroupCode\";s:42:\"princeton-2750-series-flat-watercolor-mops\";s:9:\"ColorName\";s:4:\"null\";s:15:\"SizeDescription\";s:4:\"1/4\"\";s:5:\"Price\";s:4:\"5.48\";s:8:\"Quantity\";s:1:\"1\";s:16:\"GroupDescription\";s:43:\"Princeton Series 2750, Flat Watercolor Mops\";}i:2;a:9:{s:13:\"ProductItemID\";s:2:\"29\";s:12:\"CategoryName\";s:5:\"Paint\";s:15:\"SubcategoryName\";s:3:\"Oil\";s:9:\"GroupCode\";s:17:\"williamsburg-oils\";s:9:\"ColorName\";s:21:\"Cadmium Red Vermilion\";s:15:\"SizeDescription\";s:5:\"37 ml\";s:5:\"Price\";s:5:\"33.52\";s:8:\"Quantity\";s:1:\"1\";s:16:\"GroupDescription\";s:23:\"Williamsburg Oil Paints\";}i:3;a:9:{s:13:\"ProductItemID\";s:3:\"709\";s:12:\"CategoryName\";s:7:\"Drawing\";s:15:\"SubcategoryName\";s:7:\"Erasers\";s:9:\"GroupCode\";s:40:\"prismacolor-design-kneaded-rubber-eraser\";s:9:\"ColorName\";s:4:\"null\";s:15:\"SizeDescription\";s:5:\"Large\";s:5:\"Price\";s:4:\"0.87\";s:8:\"Quantity\";s:1:\"3\";s:16:\"GroupDescription\";s:33:\"Prismacolor Kneaded Rubber Eraser\";}}s:11:\"returnToURL\";s:37:\"http://localhost/portland_art_supply/\";s:6:\"userID\";s:2:\"37\";s:8:\"username\";s:7:\"adsafgf\";}'),(38,'a:4:{s:4:\"cart\";a:3:{i:0;a:9:{s:13:\"ProductItemID\";s:3:\"135\";s:12:\"CategoryName\";s:5:\"Paint\";s:15:\"SubcategoryName\";s:3:\"Oil\";s:9:\"GroupCode\";s:17:\"gamblin-1980-oils\";s:9:\"ColorName\";s:17:\"Naples Yellow Hue\";s:15:\"SizeDescription\";s:5:\"37 ml\";s:5:\"Price\";s:4:\"5.96\";s:8:\"Quantity\";s:1:\"1\";s:16:\"GroupDescription\";s:16:\"Gamblin1980 Oils\";}i:1;a:9:{s:13:\"ProductItemID\";s:4:\"1067\";s:12:\"CategoryName\";s:7:\"Brushes\";s:15:\"SubcategoryName\";s:20:\"Oil Painting Brushes\";s:9:\"GroupCode\";s:52:\"princeton-6850-summit-series-white-synthetic-brushes\";s:9:\"ColorName\";s:4:\"null\";s:15:\"SizeDescription\";s:8:\"#1 Round\";s:5:\"Price\";s:4:\"4.27\";s:8:\"Quantity\";s:1:\"1\";s:16:\"GroupDescription\";s:45:\"Princeton Series 6850 White Synthetic Brushes\";}i:2;a:9:{s:13:\"ProductItemID\";s:3:\"765\";s:12:\"CategoryName\";s:9:\"Sculpting\";s:15:\"SubcategoryName\";s:13:\"Pottery Tools\";s:9:\"GroupCode\";s:37:\"xiem-double-ended-stylus-tool-3-5-4mm\";s:9:\"ColorName\";s:4:\"null\";s:15:\"SizeDescription\";s:4:\"null\";s:5:\"Price\";s:4:\"7.65\";s:8:\"Quantity\";s:1:\"2\";s:16:\"GroupDescription\";s:39:\"Xiem Double Ended Stylus Tool - 3.5/4mm\";}}s:11:\"returnToURL\";s:54:\"http://localhost/portland_art_supply/shopping_cart.php\";s:6:\"userID\";s:2:\"38\";s:8:\"username\";s:3:\"Dad\";}'),(40,'a:4:{s:11:\"returnToURL\";s:138:\"http://localhost/portland_art_supply/product_items.php?ProductGroupID=1&CategoryName=Paint&SubcategoryName=Oil&GroupCode=gamblin-1980-oils\";s:6:\"userID\";i:40;s:8:\"username\";s:5:\"test2\";s:4:\"cart\";a:1:{i:0;a:9:{s:13:\"ProductItemID\";s:4:\"1024\";s:12:\"CategoryName\";s:7:\"Brushes\";s:15:\"SubcategoryName\";s:24:\"Acrylic Painting Brushes\";s:9:\"GroupCode\";s:31:\"raphael-kevrin-mongoose-brushes\";s:9:\"ColorName\";s:4:\"null\";s:15:\"SizeDescription\";s:9:\"#4 Bright\";s:5:\"Price\";s:5:\"13.54\";s:8:\"Quantity\";s:1:\"6\";s:16:\"GroupDescription\";s:41:\"Raphael Kevrin Synthetic Mongoose Brushes\";}}}'),(42,'a:4:{s:11:\"returnToURL\";s:54:\"http://localhost/portland_art_supply/shopping_cart.php\";s:6:\"userID\";i:42;s:8:\"username\";s:5:\"test4\";s:4:\"cart\";a:1:{i:0;a:9:{s:13:\"ProductItemID\";s:3:\"106\";s:12:\"CategoryName\";s:7:\"Brushes\";s:15:\"SubcategoryName\";s:20:\"Oil Painting Brushes\";s:9:\"GroupCode\";s:25:\"escoda-synthetic-mongoose\";s:9:\"ColorName\";s:4:\"null\";s:15:\"SizeDescription\";s:10:\"#4 Filbert\";s:5:\"Price\";s:5:\"13.13\";s:8:\"Quantity\";s:1:\"1\";s:16:\"GroupDescription\";s:42:\"Escoda Modernista Synthetic Mongoose Brush\";}}}');
/*!40000 ALTER TABLE `account_data` ENABLE KEYS */;
UNLOCK TABLES;

--
-- Table structure for table `product_category`
--

DROP TABLE IF EXISTS `product_category`;
/*!40101 SET @saved_cs_client     = @@character_set_client */;
/*!50503 SET character_set_client = utf8mb4 */;
CREATE TABLE `product_category` (
  `category_id` int NOT NULL,
  `category_name` varchar(200) NOT NULL,
  PRIMARY KEY (`category_id`)
) ENGINE=InnoDB DEFAULT CHARSET=utf8mb3;
/*!40101 SET character_set_client = @saved_cs_client */;

--
-- Dumping data for table `product_category`
--

LOCK TABLES `product_category` WRITE;
/*!40000 ALTER TABLE `product_category` DISABLE KEYS */;
INSERT INTO `product_category` VALUES (1,'Paint'),(2,'Canvas'),(3,'Brushes'),(4,'Paper'),(5,'Drawing'),(6,'Mediums');
/*!40000 ALTER TABLE `product_category` ENABLE KEYS */;
UNLOCK TABLES;

--
-- Table structure for table `product_color`
--

DROP TABLE IF EXISTS `product_color`;
/*!40101 SET @saved_cs_client     = @@character_set_client */;
/*!50503 SET character_set_client = utf8mb4 */;
CREATE TABLE `product_color` (
  `color_id` int NOT NULL,
  `color_name` varchar(200) NOT NULL,
  PRIMARY KEY (`color_id`)
) ENGINE=InnoDB DEFAULT CHARSET=utf8mb3;
/*!40101 SET character_set_client = @saved_cs_client */;

--
-- Dumping data for table `product_color`
--

LOCK TABLES `product_color` WRITE;
/*!40000 ALTER TABLE `product_color` DISABLE KEYS */;
INSERT INTO `product_color` VALUES (1,'Alizarin Crimson'),(2,'Blush'),(3,'Cadmium Red Medium'),(4,'Permanent Orange'),(5,'Yellow Ochre'),(6,'Hansa Yellow Medium'),(7,'Titanium Buff'),(8,'Cadmium Green'),(9,'Turquoise'),(10,'Ultramarine Blue'),(11,'Dioxazine Purple'),(12,'Burnt Umber'),(13,'Van Dyke Brown'),(14,'Mars Black'),(15,'Neutral Grey'),(16,'Titanium White'),(17,'Flake White'),(18,'Permanent Yellow Light'),(19,'Jaune Brilliant'),(20,'Cadmium Red Vermilion'),(21,'Sevres Blue'),(22,'Veronese Green'),(23,'Raw Sienna'),(24,'Spanish Earth'),(25,'Cold Black'),(26,'Muted Grey'),(27,'Muted Green'),(28,'Muted Pink'),(29,'Muted Turquoise'),(30,'Muted Violet'),(31,'Quinacridone Violet'),(32,'Venetian Red'),(33,'Quinacridone Magenta'),(34,'Transparent Red'),(35,'Cadmium Red Light'),(36,'Quinacridone Red'),(37,'Napthol Red'),(38,'Burnt Sienna'),(39,'Indian Yellow'),(40,'Cadmium Orange'),(41,'Transparent Yellow'),(42,'Cadmium Yellow Medium'),(43,'Naples Yellow Hue'),(44,'Cadmium Yellow Light'),(45,'Hansa Yellow Light'),(46,'Permanent Green Light'),(47,'Chromium Oxide Green'),(48,'Olive Green'),(49,'Sap Green'),(50,'Phthalo Green'),(51,'Paynes Grey'),(52,'Viridian'),(53,'Cobalt Blue'),(54,'Cerulean Blue'),(55,'Phthalo Blue'),(56,'Prussian Blue'),(57,'Ultramarine Violet'),(58,'Cobalt Violet'),(59,'Raw Umber'),(60,'Ivory Black'),(61,'Transparent White'),(62,'Permanent White'),(63,'Primary Yellow'),(64,'Cadmium Yellow Orange'),(65,'Pure Red'),(66,'Ultramarine Blue Deep'),(67,'Emerald Green'),(68,'Black'),(69,'Lemon'),(70,'Lime'),(71,'Orange'),(72,'Raspberry'),(73,'Stone'),(74,'Wine'),(75,'Chinese White'),(76,'Primary White'),(77,'Ivory White'),(78,'Pale Peach'),(79,'Cream Yellow'),(80,'Luminous Lemon'),(81,'Lemon Yellow'),(82,'Mustard'),(83,'Naples Yellow'),(84,'Light Yellow'),(85,'Yellow'),(86,'Deep Yellow'),(87,'Orange Yellow'),(88,'Gold'),(89,'Coral Red'),(90,'Luminous Orange'),(91,'Vermilion'),(92,'Scarlet'),(93,'Carmine'),(94,'Light Red Bright'),(95,'Crimson'),(96,'Wine Red'),(97,'Luminous Red'),(98,'Pale Pink'),(99,'Shell Pink'),(100,'Light Magenta'),(101,'Pink'),(102,'Cosmos Pink'),(103,'Rose'),(104,'Opera'),(105,'Rose Violet'),(106,'Magenta'),(107,'Primary Magenta'),(108,'Red Violet'),(109,'Pale Lilac'),(110,'Pale Lavender'),(111,'Lilac'),(112,'Violet'),(113,'Deep Magenta'),(114,'Deep Violet'),(115,'Blue Violet'),(116,'Navy Blue'),(117,'Sky Blue'),(118,'Primary Cyan'),(119,'Ash Blue'),(120,'Smalt Blue'),(121,'Light Blue'),(122,'Horizon Blue'),(123,'Aqua Blue'),(124,'Pale Aqua'),(125,'Misty Blue'),(126,'Turquoise Blue'),(127,'Peacock Blue'),(128,'Green'),(129,'Blue Green'),(130,'Ash Green'),(131,'Ice Green'),(132,'Grass Green'),(133,'Cobalt Green'),(134,'Pale Mint'),(135,'Mint Green'),(136,'Light Green'),(137,'Luminous Green'),(138,'Deep Green'),(139,'Olive'),(140,'Leaf Green'),(141,'Pale Lime'),(142,'Misty Green'),(143,'Flesh'),(144,'Beige'),(145,'Bronze'),(146,'Pale Gold'),(147,'Ash Yellow'),(148,'Sepia'),(149,'Neutral Gray 1'),(150,'Neutral Gray 2'),(151,'Neutral Gray 3'),(152,'Neutral Gray 4'),(153,'Silver'),(154,'Lamp Black'),(155,'Primary Black'),(156,'Jet Black'),(157,'Metallic White'),(158,'Metallic Yellow'),(159,'Metallic Red'),(160,'Metallic Violet'),(161,'Metallic Blue'),(162,'Metallic Green'),(163,'Cadmium Lemon'),(164,'Cadmium Yellow Pale'),(165,'Spectrum Yellow'),(166,'Brilliant Yellow'),(167,'Cadmium Yellow'),(168,'Permanent Yellow Deep'),(169,'Cadmium Yellow Deep'),(170,'Marigold Yellow'),(171,'Orange Lake Light'),(172,'Orange Lake Deep'),(173,'Cadmium Scarlet'),(174,'Flame Red'),(175,'Cadmium Red'),(176,'Spectrum Red'),(177,'Red Ochre'),(178,'Flesh Tint'),(179,'Permanent Alizarin Crimson'),(180,'Permanent Rose'),(181,'Primary Red'),(182,'Winsor Red'),(183,'Opera Pink'),(184,'Bengal Rose'),(185,'Opera Rose'),(186,'Rose Tyrien'),(187,'Brilliant Red Violet'),(188,'Brilliant Violet'),(189,'Light Purple'),(190,'Brilliant Purple'),(191,'Winsor Violet Dioxazine'),(192,'Spectrum Violet'),(193,'Ultramarine'),(194,'Indigo'),(195,'Intense Blue'),(196,'Winsor Blue'),(197,'Primary Blue'),(198,'Ultramarine Green Shade'),(199,'Cobalt Turquoise Light'),(200,'Cypress Green'),(201,'Winsor Green'),(202,'Permanent Green Deep'),(203,'Oxide of Chromium'),(204,'Permanent Green Middle'),(205,'Brilliant Green'),(206,'Linden Green'),(207,'Naples Yellow Deep'),(208,'Gold Ochre'),(209,'Perylene Maroon'),(210,'Perylene Violet'),(211,'Vandyke Brown'),(212,'Perylene Black'),(213,'Zinc White'),(214,'Sunflower Yellow'),(215,'Prairie Fire Orange'),(216,'Cardinal Red'),(217,'Peach Blush'),(218,'Wild Rose Pink'),(219,'French Lavender'),(220,'Wild Viola Violet'),(221,'Periwinkle Blue'),(222,'Midnight Blue'),(223,'Spring Green'),(224,'Sweet Grass Green'),(225,'Buffalo Brown'),(226,'Glossy Black'),(227,'Soot Black'),(228,'Winter Sky Gray'),(229,'North Wind White'),(230,'White'),(231,'Ecru'),(232,'Sunshine'),(233,'Cadmium Yellow Hue'),(234,'Cadmium Red Hue'),(235,'Fuchsia'),(236,'Blush'),(237,'Pomegranate'),(238,'Purple'),(239,'Ultramarine Blue Hue'),(240,'Spanish Olive'),(241,'Wabasi'),(242,'Rhino Gray'),(243,'Pearl'),(244,'White Translucent'),(245,'Translucent'),(246,'Opal'),(247,'Frost White Glitter'),(248,'Gray Granite'),(249,'18K Gold'),(250,'Copper'),(251,'Antique Gold'),(252,'Magenta Pearl'),(253,'Red Glitter'),(254,'Purple Pearl'),(255,'Bright Green Pearl'),(256,'Peacock Pearl'),(257,'Blue Glitter'),(258,'Graphite Pearl'),(259,'Napthol Scarlet'),(260,'Alizarin Permanent'),(261,'Manganese Blue Hue'),(262,'Transparent Earth Red'),(263,'Chromatic Black'),(264,'Rose Pink'),(265,'Lavendar'),(266,'Caribbean'),(267,'Mistletoe'),(268,'Light Grey'),(269,'Vanilla'),(270,'Titanium White 2 Linseed'),(271,'Brilliant Pink'),(272,'Cobalt Violet Dark'),(273,'Ultramarine Violet Dark'),(274,'Kings Blue Light'),(275,'Cobalt Teal'),(276,'Terre Verte'),(278,'Yellow Ochre Deep'),(279,'Titanium White 3'),(280,'Amethyst'),(281,'Bright Green Lake'),(282,'Italian Green Umber'),(283,'Unbleached Titanium Dioxide'),(284,'Cadmium Orange Hue'),(285,'Cobalt Violet Hue'),(286,'Anthracite'),(287,'Transparent Mystic Black'),(288,'Transparent Magic White'),(289,'Metallic Silverchrome'),(290,'Metallic Outline Silver Matte'),(291,'Metallic Copperchrome'),(292,'Metallic Goldchrome'),(293,'Metallic Gold Matte'),(294,'Fluorescent Flash Yellow '),(295,'Fluorescent Power Orange'),(296,'Fluorescent Fire Red'),(297,'Fluorescent Gleaming Pink'),(298,'Fluorescent Flame Blue'),(299,'Fluorescent Acid Green'),(300,'Brass'),(301,'Iridescent Bright Silver'),(302,'Iridescent Bright Gold'),(303,'Fluorescent Violet'),(304,'Fluorescent Opera Pink'),(305,'Fluorescent Red'),(306,'Fluorescent Orange'),(307,'Fluorescent Yellow'),(308,'Fluorescent Green'),(309,'Unbleached Titanium White'),(310,'Neutral Gray 5'),(311,'Neutral Gray 7'),(312,'Red Oxide'),(313,'Yellow Oxide'),(314,'Vivid Lime Green'),(315,'Hookers Green Hue Permanent'),(316,'Viridian Hue'),(317,'Turquoise Deep'),(318,'Bright Aqua Green'),(319,'Light Blue Permanent'),(320,'Cerulean Blue Hue'),(321,'Phthalocyanine Blue Green Shade'),(322,'Ultramarine Blue Red Shade'),(323,'Prussian Blue Hue'),(324,'Prism Violet'),(325,'Medium Magenta'),(326,'Cadmium Free Red Deep'),(327,'Cadmium Free Red Medium'),(328,'Cadmium Free Red Light'),(329,'Cadmium Free Orange'),(330,'Peach'),(331,'Light Pink'),(332,'Cadmium Free Yellow Deep'),(333,'Cadmium Free Yellow Medium'),(334,'Cadmium Free Yellow Light'),(335,'Transparent Black'),(336,'Cadmium Red Deep Hue'),(337,'Metallic Burnt Orange'),(338,'Metallic Yellow Gold'),(339,'Metallic Purple'),(340,'Metallic Magenta'),(341,'Metallic Aqua Green'),(342,'Mineral Deep Green'),(343,'Phthalo Turquoise'),(344,'Potters Pink'),(345,'Perylene Green'),(346,'Brown Ochre'),(347,'Yellow Gold'),(348,'Red Copper'),(349,'Pewter'),(350,'Iridescent White'),(351,'Iridescent Blue'),(352,'Iridescent Black'),(353,'Cadmium Deep Red Hue'),(354,'Pale Cream'),(355,'Misty Rose'),(356,'Amber'),(357,'Red'),(358,'Prussian'),(359,'Indigo Blue'),(360,'China Blue'),(361,'Bright Green'),(362,'Berry Red'),(363,'Azure'),(364,'Hookers Green'),(365,'Dioxazine Violet'),(366,'Spark Red'),(367,'Radiant Orange'),(368,'Luminous Yellow'),(369,'Glowing Green'),(370,'Electric Pink'),(371,'Volt Blue'),(372,'Red Gold'),(373,'Blue'),(374,'Cool Gray'),(375,'Pale Rose Blush'),(376,'Vivid Red Orange'),(377,'Pyrrole Red'),(378,'Naphthol Crimson'),(379,'Alizarin Crimson Hue Permanent'),(380,'Purple Gray'),(381,'Light Blue Violet'),(382,'Phthalocyanine Blue'),(383,'Brilliant Blue'),(384,'Blue Gray'),(385,'Phthalocyanine Green'),(386,'Light Green Permanent'),(387,'Green Deep Permanent'),(388,'Light Olive Green'),(389,'Lime Green'),(390,'Brilliant Yellow Green'),(391,'Green Gray'),(392,'Bronze Yellow'),(393,'Bismuth Yellow'),(394,'Winsor Lemon'),(395,'Cadmium Free Lemon'),(396,'Winsor Yellow'),(397,'Chrome Yellow'),(398,'Cadmium Free Yellow Pale'),(399,'Cadmium Free Yellow'),(400,'Transparent Orange'),(401,'Orange Laque Mineral'),(402,'Winsor Orange'),(403,'Cadmium Free Scarlet'),(404,'Scarlet Lake'),(405,'Cadmium Free Red'),(406,'Winsor Red Deep'),(407,'Rose Madder Genuine'),(408,'Rose Dore'),(409,'Bright Red'),(410,'Permanent Carmine'),(411,'Ruby Madder Alizarin'),(412,'Permanent Magenta'),(413,'Ultramarine Pink'),(414,'Purple Madder'),(415,'Purple Lake'),(416,'Permanent Mauve'),(417,'Mauve Blue Shade'),(418,'French Ultramarine'),(419,'Smalt Dumonts Blue'),(420,'Cobalt Blue Deep'),(421,'Indanthrene Blue'),(422,'Oriental Blue'),(423,'Winsor Blue Red Shade'),(424,'Winsor Blue Green Shade'),(425,'Cobalt Turquoise'),(426,'Mineral Green Deep'),(427,'Cobalt Chromite Green'),(428,'Chrome Green Deep Hue'),(429,'Winsor Green Phthalo'),(430,'Winsor Green Yellow Shade'),(431,'Winsor Emerald'),(432,'Prussian Green'),(433,'Cadmium Green Pale'),(434,'Cadmium Free Green Pale'),(435,'Green Gold'),(436,'Naples Yellow Light'),(437,'Yellow Ochre Light'),(438,'Yellow Ochre Pale'),(439,'Indian Yellow Deep'),(440,'Raw Umber Light'),(441,'Transparent Gold Ochre'),(442,'Transparent Red Ochre'),(443,'Light Red'),(444,'Terra Rosa'),(445,'Transparent Maroon'),(446,'Indian Red'),(447,'Mars Violet Deep'),(448,'Warm Brown Pink'),(449,'Transparent Brown Oxide'),(450,'Raw Umber Green Shade'),(451,'Davys Gray'),(452,'Paynes Gray'),(453,'Blue Black'),(454,'Charcoal Grey'),(455,'Flake White Hue'),(456,'Underpainting White'),(457,'Mineral Grey'),(458,'Winsor Yellow Deep'),(459,'Winsor Orange Red Shade'),(460,'Cadmium Red Deep'),(461,'Cerulean Blue Red Shade'),(462,'Cobalt Green Deep'),(463,'Grey');
/*!40000 ALTER TABLE `product_color` ENABLE KEYS */;
UNLOCK TABLES;

--
-- Table structure for table `product_group`
--

DROP TABLE IF EXISTS `product_group`;
/*!40101 SET @saved_cs_client     = @@character_set_client */;
/*!50503 SET character_set_client = utf8mb4 */;
CREATE TABLE `product_group` (
  `product_group_id` int NOT NULL,
  `category_id` int NOT NULL,
  `subcategory_id` int NOT NULL,
  `manufacturer_id` int NOT NULL,
  `group_description` varchar(200) NOT NULL,
  `group_information` varchar(5000) NOT NULL,
  `group_code` varchar(1000) NOT NULL,
  PRIMARY KEY (`product_group_id`),
  KEY `CategoryID` (`category_id`),
  KEY `SubcategoryID` (`subcategory_id`),
  KEY `ManufacturerID` (`manufacturer_id`),
  CONSTRAINT `product_group_ibfk_1` FOREIGN KEY (`category_id`) REFERENCES `product_category` (`category_id`),
  CONSTRAINT `product_group_ibfk_2` FOREIGN KEY (`subcategory_id`) REFERENCES `product_subcategory` (`subcategory_id`),
  CONSTRAINT `product_group_ibfk_3` FOREIGN KEY (`manufacturer_id`) REFERENCES `product_manufacturer` (`manufacturer_id`)
) ENGINE=InnoDB DEFAULT CHARSET=utf8mb3;
/*!40101 SET character_set_client = @saved_cs_client */;

--
-- Dumping data for table `product_group`
--

LOCK TABLES `product_group` WRITE;
/*!40000 ALTER TABLE `product_group` DISABLE KEYS */;
INSERT INTO `product_group` VALUES (1,1,5,4,'Liquitex Professional Spray Paint','This is a very different kind of spray paint. Liquitex Spray Paint is a fine art tool made with highly lightfast* artist-quality pigments. Unlike regular sprays, it uses low-odor professional paint made with water-based technology and low solvents. Perfect for the studio. *Fluorescent and metallic pigments are naturally less lightfast.','liquitex-professional-spray-paint'),(2,1,2,4,'Liquitex Basics Acrylic','Basics is for all - from those new to painting, to experienced artists. Ideal if you’re a beginner. If you’re on a budget. Perfect for underpainting or sketching if you’re a serious artist. And for color scoping and exploration if you’re a creative professional. This medium viscosity paint is made with lightfast, artist-quality pigments in an expanded choice of colors.','liquitex-basics-acrylic'),(3,1,2,4,'Liquitex Basics Acrylic Metallic','Basics is for all - from those new to painting, to experienced artists. Ideal if you’re a beginner. If you’re on a budget. Perfect for underpainting or sketching if you’re a serious artist. And for color scoping and exploration if you’re a creative professional. This medium viscosity paint is made with lightfast, artist-quality pigments in an expanded choice of colors.','liquitex-basics-acrylic-metallic'),(4,1,2,4,'Liquitex Basics Acrylic Metallic Set 6x118ml','Turn up the luster and dive into a world of vibrant metallics. Discover six tubes of highly burnished, opaque acrylic paint, with a medium consistency bursting with metallic mica and artist quality pigments. 6 x 118ml tubes - Metallic Red, Metallic Magenta, Metallic Purple, Metallic Blue, Metallic Aqua Green, Metallic Green','liquitex-basics-acrylic-metallic-set-6x118ml'),(5,1,2,4,'Liquitex Special Release Muted Collection Soft Body Acrylic Set','This is Soft Body Acrylic. This color set gives you endless mixing options, while Transparent Mixing White and Ivory Black can be used on their own, or to shade and tint.','liquitex-soft-body-acrylic-set-6x22ml-mixing'),(6,1,2,4,'Liquitex Heavy Body Acrylic','This is high viscosity, pigment-rich professional acrylic color, ideal for impasto and texture. With a high concentration of lightfast artist-quality pigment and a satin finish, Heavy Body Acrylic gives you rich, permanent color, with crisp brush strokes and knife marks.','liquitex-heavy-body-acrylic'),(7,2,7,13,'Winsor & Newton Canvas Professional Cotton Deep Edge','Traditional Canvas with medium texture, ideal for use with oil and acrylic paints.','winsor-newton-canvas-professional-cotton-deep-edge'),(8,2,7,13,'Winsor & Newton Canvas Professional Linen Traditional','Our canvases are made to perform. Choose from a range of sizes and quality materials within both our Classic and Professional collections.','winsor-newton-canvas-professional-linen-traditional'),(9,2,7,13,'Winsor & Newton Canvas Professional Cotton Traditional','Traditional Canvas with medium texture, ideal for use with oil and acrylic paints.','winsor-newton-canvas-professional-cotton-traditional'),(10,1,2,4,'Liquitex Basics Acrylic Metallic Set 6x22ml','Turn up the luster and dive into a world of vibrant metallics. Discover six tubes of highly burnished, opaque acrylic paint, with a medium consistency bursting with metallic mica and artist quality pigments. 6 x 118ml tubes - Metallic Red, Metallic Magenta, Metallic Purple, Metallic Blue, Metallic Aqua Green, Metallic Green','liquitex-basics-acrylic-metallic-set-6x22ml'),(11,1,1,13,'Winsor & Newton Artists’ Oil','Our Artist\'s Oil Colours, made from only the finest pigments. We carefully formulate each tone for stability, tinting strength and coverage. Use them thickly with palette knives or brushes, or thin them to a very fine glaze.','winsor-newton-artists-oil'),(12,2,7,13,'Winsor & Newton Canvas Classic Cotton Deep Edge','Our canvases are made to perform. Choose from a range of sizes and quality materials within both our Classic and Professional collections.','winsor-newton-canvas-classic-cotton-deep-edge'),(13,2,7,13,'Winsor & Newton Canvas Classic Cotton Traditional','Our canvases are made to perform. Choose from a range of sizes and quality materials within both our Classic and Professional collections.','winsor-newton-canvas-classic-cotton-traditional'),(14,2,6,4,'Liquitex Professional Recycled Canvas Unprimed Roll','This canvas cloth is made with 100% recycled plastic bottles fastened to FSC certified wood. Suitable for both acrylic and oil paints, this high-quality surface has been tested by professional artists and within our lab so you can create with confidence while reducing your impact on the environment.','liquitex-professional-recycled-canvas-unprimed-roll'),(15,1,1,13,'Winsor & Newton Artists’ Oil Set 10 x 21 ml','This introductory set contains a larger selection of 10 x 21ml tubes of Artists\' Oil Colour. Includes, Winsor Yellow, Crimson Alizarine, Green Ultramarine Hue, Winsor Blue (Red Hue), Winsor Green, Yellow Ochre, Indian Red, Burnt Umber, Ivory Black, Titanium White. Actual contents may vary.','winsor-newton-artists-oil-set-10x21ml'),(16,1,1,13,'Winsor & Newton Artists’ Oil Primary Colour Set','Mix, experiment, and create with our expertly formulated Primary Colours Set to inspire a palette of endless possibilities. 5x37ml Tubes: Winsor Lemon, Winsor Blue (Red Shade), Permanent Rose, Titanium White, Lamp Black','winsor-newton-artists-oil-set-primary-colour'),(17,1,1,13,'Winsor & Newton Artists’ Oil Winsor Colour Set','Explore our carefully curated selection of Winsor Colours, offering a perfectly formulated palette showcasing our heritage and expertise. 5x37ml Tubes: Winsor Yellow, Winsor Orange, Winsor Red, Winsor Violet (Dioxazine), Winsor Blue (Green Shade)','winsor-newton-artists-oil-set-winsor-colour'),(18,1,1,13,'Winsor & Newton Artists’ Oil Set 6 x 21 ml','A small tube set containing 6 x 21ml tubes of Winton Oil Colour. Includes: Cadmium Yellow Pale Hue, Cadmium Red Deep Hue, French Ultramarine, Viridian Hue, Yellow Ochre, Burnt Umber. Actual contents may vary.','winsor-newton-artists-oil-set-6x21ml'),(19,1,3,13,'Winsor & Newton Professional Watercolour','Our Professional Watercolour range offers bright, vibrant colours and unrivalled performance. Watercolour, more than any other medium, reflects the unique characteristics of the pigments used and our Professional Watercolours use only the finest pigments, and are known for their brilliance, permanence and strength of colour. The transparency of our Professional Watercolour is achieved by our unique process of pigment dispersion during manufacture. The natural characteristics of each pigment highlights the paint’s transparency level.','winsor-newton-professional-watercolour'),(20,1,3,13,'Winsor & Newton Cotman Watercolour','Fine Art Pigments Cotman Watercolours uses fine art pigments with reduced pigment load than the Professional Watercolour range, making them an accessible choice while still uncompromising on quality.','winsor-newton-cotman-watercolour'),(21,1,1,13,'Winsor & Newton Griffin Alkyd Fast Drying Oil','Traditional oils, wonderful as they are, take a very long time to dry. That\'s why we created our Griffin Alkyds - they dry much more quickly and this means impasto and glazing techniques can be done in a single session.These oil tones have a slightly greater level of transparency for increased depth and clarity when glazing. Our Griffins are a bit more fluid in consistency than traditional oils and they dry with a somewhat more reflective surface, too.','winsor-newton-griffin-alkyd-fast-drying-oil'),(22,1,3,13,'Winsor & Newton Cotman Watercolor Set - Compact Set','Discover 14 Cotman Watercolours made with quality, fine art pigments. This set is ideal for outdoor use as it includes a brush and palettes with multiple mixing areas. Field Set was previously named The Compact Set.','winsor-newton-cotman-watercolor-compact-set'),(23,1,3,13,'Winsor & Newton Cotman Watercolor Set - Field Travel Set','Discover 12 Cotman Watercolours made with quality, fine art pigments in a travel set. This set is ideal for outdoor watercolour painting, especially for extensive colour mixing. The Field Travel Set opens up to reveal a travel brush, 60mL water bottle, 2 clip-on water pots, and 3 palettes with mutliple mixing areas. Field Travel Set previously named Field Plus.','winsor-newton-cotman-watercolor-set-field-box'),(24,3,11,13,'Winsor & Newton Oil Brushes Artists Hog Brushes Bright','A short flat head. Creates sharp edges with control.Manufactured with a shorter bristle length, these brushes offer greater control to the artist.','winsor-newton-oil-brushes-artists-hog-brushes-bright'),(25,3,11,13,'Winsor & Newton Oil Brushes Artists Hog Brushes Flat','A long flat head. For blending, glazing or covering large areas.This range of brushes features a longer bristle length for greater colour carrying capacity','winsor-newton-oil-brushes-artists-hog-brushes-flat'),(26,3,11,13,'Winsor & Newton Oil Brushes Artists Hog Brushes Round','For fine detail, lines glazes.A traditional round shape head which is ideal for use when accuracy and detail is required.','winsor-newton-oil-brushes-artists-hog-brushes-round'),(27,3,11,13,'Winsor & Newton Oil Brushes Artists Hog Brushes Filbert','Flat head with oval tip. Creates a broad mark with a soft edge.Similar to the Extra Long Filbert, these brushes have a shorter, thick shape for extra control.','winsor-newton-oil-brushes-artists-hog-brushes-filbert'),(28,3,11,13,'Winsor & Newton Oil Brushes Artists\' Synthetic Hog Brushes 4 Pack','This set comes with 4 Artists\' Oil Synthetic Hog Brushes in a handy canvas wallet for storing and carrying, all designed to accompany the artist on their creative journey. The wallet has a Velcro closure and 7 inner pockets. 6 pockets are ideal for long handle brushes (max. 330 mm length) and 1 wider pocket can carry additional painting utensils.','winsor-newton-oil-brushes-artists-synthetic-hog-brushes-set'),(29,3,11,13,'Winsor & Newton Oil Brushes Hog Brush Long Handle 5 Pack','A natural bristle brush developed for use with Winton Oil Colour.Made from good quality Chinese hog bristles, Winton Hog brushes are interlock constructed and hand-set into seamless corrosion-resistant ferrules. The bristles’ natural curve is retained even after heavy use, allowing more control and accuracy, whether painting with oils or acrylics.','winsor-newton-oil-brushes-hog-brush-long-handle-set'),(30,3,12,13,'Winsor & Newton Acrylic Brushes Galeria Short Handle Round','Specifically designed for use with acrylic colour. The versatility of acrylic colour can place heavy demands on brushes so this range has been created to be strong, resilient and flexible.The mix of synthetic filaments provide responsiveness and control for thicker application of colour, whilst maintaining shape retention, regardless of how much water you use.','winsor-newton-acrylic-brushes-galeria-short-handle-round'),(31,3,12,13,'Winsor & Newton Acrylic Brushes Galeria Long Handle Round','Specifically designed for use with acrylic colour. The versatility of acrylic colour can place heavy demands on brushes so this range has been created to be strong, resilient and flexible.The mix of synthetic filaments provide responsiveness and control for thicker application of colour, whilst maintaining shape retention, regardless of how much water you use.','winsor-newton-acrylic-brushes-galeria-long-handle-round'),(32,3,12,13,'Winsor & Newton Acrylic Brushes Galeria Long Handle Bright','Specifically designed for use with acrylic colour. The versatility of acrylic colour can place heavy demands on brushes so this range has been created to be strong, resilient and flexible.The mix of synthetic filaments provide responsiveness and control for thicker application of colour, whilst maintaining shape retention, regardless of how much water you use.','winsor-newton-acrylic-brushes-galeria-long-handle-bright'),(33,4,15,18,'Stillman & Birn Delta Series Wirebound Premium Sketchbook, 7\" x 10\"','The Delta Series Sketchbook from Stillman & Birn features extra heavyweight, 270 gsm white paper wirebound with a high-density board, resistant to warping. The white, mixed media cold press paper has a substantial tooth and works well with all dry media, wet media, light washes, and inks. Portrait, 7\" x 10\".  25 sheets, 52 pages.','stillman-&-birn-delta-series-wirebound-premium-sketchbook'),(34,4,15,18,'Stillman & Birn Beta Series Hardbound Premium Sketchbook, 5.5\" x 8.5\"','The Beta Series Sketchbook from Stillman & Birn features extra heavyweight, 270 gsm white paper hardbound with a high-density board, resistant to warping. The white, mixed media cold press paper has a substantial tooth and works well with all wet media, dry media, light washes, and inks. Portrait, 5.5\" x 8.5\".  26 sheets, 52 pages.','stillman-&-birn-beta-series-hardbound-premium-sketchbook'),(35,4,15,18,'Stillman & Birn Nova Series Wirebound Premium Sketchbook','The Nova Series Sketchbook from Stillman & Birn features heavyweight, 150 gsm white paper wirebound with high density board, resistant to warping. The white, mixed media paper has a medium grain surface and works well with all dry media, light washes, and inks. This portrait sketchbook comes in a few different sizes and colors, select from the dropdown below. Portrait, 6\" x 8\" 50 sheets, 100 pages.','stillman-&-birn-nova-series-wirebound-premium-sketchbook'),(36,3,12,13,'Winsor & Newton Acrylic Brushes Galeria Long Handle Filbert','Specifically designed for use with acrylic colour. The versatility of acrylic colour can place heavy demands on brushes so this range has been created to be strong, resilient and flexible.The mix of synthetic filaments provide responsiveness and control for thicker application of colour, whilst maintaining shape retention, regardless of how much water you use. Filbert has a flat head with an oval tip for creating a broad mark with a soft edge.','winsor-newton-acrylic-brushes-galeria-long-handle-filbert'),(37,3,12,13,'Winsor & Newton Acrylic Brushes Galeria Long Handle Flat','Specifically designed for use with acrylic colour. The versatility of acrylic colour can place heavy demands on brushes so this range has been created to be strong, resilient and flexible.The mix of synthetic filaments provide responsiveness and control for thicker application of colour, whilst maintaining shape retention, regardless of how much water you use.','winsor-newton-acrylic-brushes-galeria-long-handle-flat'),(38,3,12,13,'Winsor & Newton Acrylic Brushes University Series 233 Round','University is a range of white synthetic general-purpose brushes. Featuring distinctive red handles with white tips, University Brushes are stiff enough to use with more fluid oils yet soft enough to use with watercolours. Additionally, when used with oils and acrylics, brush marks are not as visible. University brushes offer excellent spring controllability and will last a considerable length of time if properly cared for. They offer an affordable option for students or those looking for a multi-purpose brush.','winsor-newton-acrylic-brushes-university-short-handle-round'),(39,3,12,13,'Winsor & Newton Acrylic Brushes University Series 235 Flat','A short flat head. Creates sharp edges with controlThe brush head is the same as series 234, the longer handle is generally more suitable for oil and acrylic painters.','winsor-newton-acrylic-brushes-university-short-handle-flat'),(40,3,12,13,'Winsor & Newton Acrylic Brushes University Series 238 Fan','University is a range of white synthetic general-purpose brushes. Featuring distinctive red handles with white tips, University Brushes are stiff enough to use with more fluid oils yet soft enough to use with watercolours. Additionally, when used with oils and acrylics, brush marks are not as visible. University brushes offer excellent spring controllability and will last a considerable length of time if properly cared for. They offer an affordable option for students or those looking for a multi-purpose brush. Fan is for blending, softening edges and creating textures.','winsor-newton-acrylic-brushes-university-long-handle-fan'),(41,3,12,13,'Winsor & Newton Acrylic Brushes Foundation Brush Set','White synthetic brushes primarily for use with acrylic colour; also suitable for oil colour. Available in short and long handle packs.Contains Round 1, 3 & 5.','winsor-newton-acrylic-brushes-foundation-brush-set'),(42,3,13,13,'Winsor & Newton Watercolor Brushes Sceptre Gold ll Brush','Sceptre Gold II is a range of high quality brushes made from a mix of sable and synthetic fibres. Ideal for working with watercolour and fluid oil colour, they are also suitable for use with acrylic, water mixable oil and alkyd fast drying oil colour.Sceptre Gold II is a perfect combination, giving a performance close to sable at a price close to synthetic.','winsor-newton-watercolor-brushes-sceptre-gold-ll-brush'),(43,3,13,13,'Winsor & Newton Watercolor Brushes Cotman Series 111 Round','For fine detail, lines and washes. A traditional and popular head shape for all-purpose watercolour work. Can be used for broad strokes yet it will also form a sharp point.','winsor-newton-watercolor-brushes-cotman-series-111-round'),(44,3,13,13,'Winsor & Newton Watercolor Brushes Cotman Series 333 Rigger','An extra fine point for painting lines, long scroll work and detail.','winsor-newton-watercolor-brushes-cotman-series-333-rigger'),(45,1,4,13,'Winsor & Newton Designers Gouache','Winsor & Newton Designers Gouache offers a smooth, opaque professional gouache with high levels of pigmentation. All Winsor Newton Designer Gouache colors are fully intermixable and dry to a matte finish.  Available in 14 and 37 ml.','winsor-newton-designers-gouache'),(46,3,13,13,'Winsor & Newton Watercolor Brushes Cotman Series 668 Filbert','An extra fine point for painting lines, long scroll work and detail.','winsor-newton-watercolor-brushes-cotman-series-668-filbert'),(47,3,13,13,'Winsor & Newton Watercolor Brushes Cotman Series 667 Angled','The point can be used for detailed work, or it can be pressed to create a curved or straight wedge.','winsor-newton-watercolor-brushes-cotman-series-667-angled'),(48,3,13,13,'Winsor & Newton Watercolor Brushes Professional Synthetic Sable Brush Set','This set comes with 4 Professional Watercolour Synthetic Sable Brushes in a handy canvas wallet for storing and carrying, all designed to accompany the artist on their creative journey. The wallet has a Velcro closure and 7 inner pockets. 6 pockets are ideal for short handle brushes (max. 240 mm length) and 1 wider pocket can carry additional painting utensils.','winsor-newton-watercolor-brushes-professionals-synthetic-sable-brush-set'),(49,3,14,13,'Winsor & Newton Watercolor Brushes Professional Synthetic Sable Brush Set','This set comes with 4 Professional Watercolour Synthetic Sable Brushes in a handy canvas wallet for storing and carrying, all designed to accompany the artist on their creative journey. The wallet has a Velcro closure and 7 inner pockets. 6 pockets are ideal for short handle brushes (max. 240 mm length) and 1 wider pocket can carry additional painting utensils.','winsor-newton-watercolor-brushes-professionals-synthetic-sable-brush-set'),(50,3,14,13,'Winsor & Newton Oil Brushes Artists\' Synthetic Hog Brushes 4 Pack','This set comes with 4 Artists\' Oil Synthetic Hog Brushes in a handy canvas wallet for storing and carrying, all designed to accompany the artist on their creative journey. The wallet has a Velcro closure and 7 inner pockets. 6 pockets are ideal for long handle brushes (max. 330 mm length) and 1 wider pocket can carry additional painting utensils.','winsor-newton-oil-brushes-artists-synthetic-hog-brushes-set'),(51,3,14,13,'Winsor & Newton Oil Brushes Hog Brush Long Handle 5 Pack','A natural bristle brush developed for use with Winton Oil Colour.Made from good quality Chinese hog bristles, Winton Hog brushes are interlock constructed and hand-set into seamless corrosion-resistant ferrules. The bristles’ natural curve is retained even after heavy use, allowing more control and accuracy, whether painting with oils or acrylics.','winsor-newton-oil-brushes-hog-brush-long-handle-set'),(52,3,14,13,'Winsor & Newton Acrylic Brushes Foundation Brush Set','White synthetic brushes primarily for use with acrylic colour; also suitable for oil colour. Available in short and long handle packs.Contains Round 1, 3 & 5.','winsor-newton-acrylic-brushes-foundation-brush-set'),(53,2,7,4,'Liquitex Professional Recycled Canvas Plastic Traditional','This canvas cloth is made with 100% recycled plastic bottles fastened to FSC certified wood. Suitable for both acrylic and oil paints, this high-quality surface has been tested by professional artists and within our lab so you can create with confidence while reducing your impact on the environment.','liquitex-professional-recycled-canvas-plastic-traditional'),(54,2,7,4,'Liquitex Professional Recycled Canvas Plastic Deep Edge','This canvas cloth is made with 100% recycled plastic bottles fastened to FSC certified wood. Suitable for both acrylic and oil paints, this high-quality surface has been tested by professional artists and within our lab so you can create with confidence while reducing your impact on the environment.','liquitex-professional-recycled-canvas-plastic-deep-edge'),(55,2,7,4,'Liquitex Basics Cotton Canvas (3pack) ','The trio pack. Put color to surface with three ready-to-go painting canvases. Archival. Acid-free. Non-toxic. No need to wait. The medium texture cotton canvas is pre-primed with a triple layer of acrylic gesso all set to receive acrylic color. Stapled at the rear, stretched on a FSC MIX wood frame.','liquitex-basics-cotton-canvas'),(56,2,8,4,'Liquitex Basics Acrylic Pad','Put color to paper with these ultra-useful canvas paper pads. When you don’t want to go with a canvas, but need something reliable, this is your go-to. 12 white, acid-free paper sheets with the subtle texture of canvas texture, bound together and easy to store. Perfect surface for acrylics in a choice of three sizes.','liquitex-basics-acrylic-pad'),(57,2,9,13,'Winsor & Newton Artists Canvas Board','For general use with oil (including water mixable), acrylic and alkyd color.','winsor-newton-artists-canvas-board'),(58,2,9,13,'Winsor & Newton Artists Canvas Board (3 pack)','For general use with oil (including water mixable), acrylic and alkyd color.','winsor-newton-artists-canvas-board-multi'),(59,5,22,13,'Winsor & Newton Medium Kneaded Rubber','A medium size ‘plastic’ or ‘putty’ rubber which may be moulded to a fine point for minute erasures. Useful for picking out highlights and erasing pencil, chalk or charcoal without smearing. ','winsor-newton-medium-kneaded-rubber'),(60,5,20,13,'Winsor & Newton Promarker','Twin-tipped, for greater flexibility Winsor & Newton Promarker comes with a high-quality broad chisel nib for broad strokes to shade larger areas, and a fine bullet tip for precision.','winsor-newton-promarker'),(61,5,20,13,'Winsor & Newton Promarker Brush','The Winsor & Newton Promarker Brush provides the ultimate in precise and flexible line control, adding versatility to your drawing and illustration practice. The colour rich range is highly blendable and offers print quality, streak-free coverage. Colour ranging from subtle pastels to bold, vibrant hues.Blend-friendly,with malleable, alcohol-based, translucent ink.Twin-tipped, with a broad chisel nib and brush nib.High quality nibs for print-quality, streak-free coverage.','winsor-newton-promarker-brush'),(62,5,20,13,'Winsor & Newton Promarker Watercolour','You won\'t find another marker quite like these ones - we decided to get creative and make watercolour in pen form. Blending varies depending on the paper you use, but they\'re designed to make gorgeous washes when combined with water. Because they have dual nibs, you can also use them for fine detail and sweeping line thicknesses. To see them at their best, always use them with our Winsor & Newton watercolour paper.','winsor-newton-promarker-watercolour'),(63,5,20,13,'Winsor & Newton Promarker Neon','Promarker Neon offers brilliant, fluorescent colours in high quality water-based ink. Pigmented and lightfast, it is perfect for adding vibrant highlights, definition and texture to your designs. It also glows under UV light. Each pen is twin-tipped, with a broader bullet nib suitable for filling in large areas, and a smaller one for detailed work.','winsor-newton-promarker-neon'),(64,5,20,13,'Winsor & Newton Promarker Metallic','Promarker Metallic offers intense, shimmery colours, perfect for adding highlights and texture to your designs. The pigment-based ink used is lightfast enough to provide long-lasting results. Each pen is twin-tipped, with a broader bullet nib suitable for filling in large areas, and a smaller one for detailed work.','winsor-newton-promarker-metallic'),(65,5,20,13,'Winsor & Newton Promarker Watercolour Collection','Promarker Watercolour offers all the attributes of watercolour paint, but in a twin-tipped marker with a flexible brush-tip and a fine point. The water based pigmented ink in these markers allow you to create beautiful painterly effects when mixed with water. And thanks to the high quality pigments, your work will not fade. Perfect and convenient for creating gorgeous, expressive artworks on the go. For best results, use them on Winsor & Newton watercolour paper. Store horizontally.','winsor-newton-promarker-watercolour-collection'),(66,5,20,13,'Winsor & Newton Promarker Collection','Explore the extensive Promarker colour spectrum with this 24-strong colour kit. As with all Promarker sets, it has been specifically curated to provide illustrators and artists with beautiful colours, every day. Please Note: Both sets pictured here contain the same colours. The markers in each set contain the same alcohol based dye ink.','winsor-newton-promarker-collection'),(67,5,20,13,'Winsor & Newton Promarker Brush Collection','Embrace the most vibrant Promarker Brush palette possible with Yellow, Pumpkin, Red, Rouge, Magenta, Purple, Cyan, Royal Blue, Bright Green, Lush Green, Cocoa, Warm Grey 5 and Black. Like all Promarker Brushs, the 12 shades can be used with the free colourless Blender to explore graduated tones or more muted shades. These 12 vibrant colours were specifically curated to complement each other and broaden your colour collection.','winsor-newton-promarker-brush-collection'),(68,5,19,13,'Winsor & Newton Sketching Pencil Set 10 Pieces','Discover the pleasure of traditional drawing and sketching with these carefully selected sets of essential pencils and tools. The classic charcoal and graphite pencils included blend easily to create evocative shading, making them ideal for striking life drawings and still life pieces. Brilliantly versatile and responsive, these high-quality pencils are also perfect for spontaneous sketching, allowing you to quickly capture movement and try out new ideas.','winsor-newton-sketching-pencil-set'),(69,5,19,13,'Winsor & Newton Sketching Pencil Set with Eraser 5 Pieces','The classic charcoal pencils included blend easily, making them ideal for striking life drawings and still life pieces. Brilliantly versatile and responsive, these high-quality pencils are also perfect for spontaneous sketching, allowing you to quickly capture movement and try out new ideas. Available in a blister, perfect for students and beginners.','winsor-newton-sketching-pencil-set-x5-with-eraser-set'),(70,5,19,13,'Winsor & Newton Graphite Pencil Set Soft 5 Pieces','Ideal for capturing movement or inspiration on the go, the pencils come in a range of hardness levels for different tasks and tones. H grades are best suited to delicate, intricate drawing, and the softer, darker B grades are best for shading and smooth coverage of large areas. Available in a blister, perfect for students and beginners.','winsor-newton-graphite-pencil-soft'),(71,5,19,13,'Winsor & Newton Graphite Pencil Soft x12 Tin Set','Create everything from beautifully fine-detailed drawings to spontaneous, expressive sketches with these versatile, soft high-quality graphite pencils. Ideal for capturing movement or inspiration on the go, the pencils come in a range of hardness levels for different tasks and tones. H grades, being the hardest, are best suited to delicate, intricate drawing. The softer, darker B grades are best for shading and smooth coverage of large areas. Presented in a sleek, embossed metal travel tin with the iconic Winsor & Newton logo.','winsor-newton-graphite-pencil-soft-x12-tin-set'),(72,5,19,13,'Winsor & Newton Medium Graphite Pencil x12','A range of graphite pencils for sketching and drawing, suitable for blending, smooth-shading and fine detail. Ideal for capturing movement or inspiration on the go, they come in a range of levels of hardness, with H grades best suited to delicate, intricate drawing, and the softer, darker B grades best for shading and smooth coverage of large areas. For the perfect finishing touch, they\'re presented in stylish plain metal tins, embossed with the iconic Winsor & Newton logo.','winsor-newton-medium-graphite-pencil-x12'),(73,5,19,13,'Winsor & Newton Colour Pencil Studio Set Mixed 45 Pieces','Discover a range of 24 rich watercolour pencils, 12 vibrant colour pencils, and 6 graphite pencils all in one beautifully designed box. Includes a watercolour brush, a sharpener, and a paper pad','winsor-newton-colour-pencil-studio-set-mixed'),(74,5,19,13,'Winsor & Newton Colour Pencil Studio Set Mixed 50 Pieces','Explore a range of 50 vibrant colour pencils all in one beautifully designed box. Their soft texture makes blending easy and the high-quality leads mean they\'re beautifully smooth and responsive to use, whether you\'re building up intense colour or working on delicate shading. Set includes a sharpener, and a paper pad.','winsor-newton-colour-pencil-studio-set-mixed-50x'),(75,5,19,13,'Winsor & Newton Colour Pencil Set 12 Pieces','Create artworks that sing with wonderfully rich, vibrant colour with these thick-core pencils. Their soft texture makes blending easy and the high-quality leads mean they\'re beautifully smooth and responsive to use, whether you\'re building up intense colour or working on delicate shading. For the perfect finishing touch, they\'re presented in stylish plain metal tins, embossed with the iconic Winsor & Newton logo.','winsor-newton-colour-pencil-set'),(76,5,19,13,'Winsor & Newton Colour Pencil Studio Set 72 Pieces','Colour Pencils in Metal Tin Highly pigmented wax-based pencils, that are ideal for building up intense colour or adding light shading. Bold and bright colours with break-resistant leads and points.','winsor-newton-colour-pencil-studio-set'),(77,5,19,13,'Winsor & Newton Colour Pencil Wallet Set 27 Pieces','Discover a range of 24 smooth and vibrant pencils in a wallet, their soft texture makes blending easy and the high-quality core mean they\'re responsive to use, whether you\'re building up colour or working on delicate shading. Each pencil sharpens cleanly to a neat, precise point which won\'t break, even under pressure. Set includes two graphite pencils, and a white vinyl eraser.','winsor-newton-colour-pencil-wallet-set'),(78,5,19,13,'Winsor & Newton Watercolour Pencil Set 24 Pieces','Explore stunning watercolour effects and rich, vibrant hues with these versatile thick-core pencils. Use them dry like regular pencils for smooth, vibrant shading and blending, or experiment with a wet brush to transform the pencil colour into paint – perfect for creating gorgeous, expressive artworks on the go. For the perfect finishing touch, they\'re presented in stylish plain metal tins, embossed with the iconic Winsor & Newton logo.','winsor-newton-watercolour-pencil-set'),(79,5,19,13,'Winsor & Newton Studio Collection 72pc Watercolour Pencil Collection','Watercolour Pencils in Metal Tin Highly pigmented wax-based pencils that can be used dry or wet, by adding water with a brush to create beautiful painterly effects. Vibrant colours with break-resistant leads and points.','winsor-newton-studio-collection-72pc-watercolour-pencil-collection'),(80,5,19,13,'Winsor & Newton Studio Collection 50pc Watercolour Pencil Collection','Watercolour pencil collection 50pc Explore the collection of colours from floral, skyscape to skin tones. These highly pigmented wax-based pencils can be used dry as regular colour pencils, or experiment by adding water to your work to create beautiful painterly effects.','winsor-newton-studio-collection-50pc-watercolour-pencil-collection'),(81,5,19,13,'Winsor & Newton Watercolour Pencil Set 12 Pieces','Explore stunning watercolour effects and rich, vibrant hues with these versatile thick-core pencils. Use them dry like regular pencils for smooth, vibrant shading and blending, or experiment with a wet brush to transform the pencil colour into paint – perfect for creating gorgeous, expressive artworks on the go. For the perfect finishing touch, they\'re presented in stylish plain metal tins, embossed with the iconic Winsor & Newton logo.','winsor-newton-watercolour-pencil-set-x12'),(82,5,21,4,'Liquitex Professional Acrylic Ink','Ultra-fluid acrylic with lightfast*, artist-quality pigments. No dyes. No fade. Just pure, permanent color. And like all acrylics, it dries quickly and permanently, with no smudging or bleeding when rewetted or layered. You get pure liquid color in a range of opacities. * Metallic and fluorescent pigments are naturally less lightfast.','liquitex-professional-acrylic-ink'),(83,5,21,13,'Winsor & Newton Fineliner Pens','A fineliner that fits every style of sketching, featuring a smoothly tapered nib and a longer barrel to sit comfortably in the hand and allow for flexible grip adjustments. Optimised for sketching and drawing: water resistant, non-fading pigment ink, consistent and reliable ink flow. Available in black in six sizes 0.05, 0.1, 0.3, 0.5, 0.8 and 1.0 mm Available in Cool Grey and Sepia in 0.1, 0.3 and 0.5 mm.','winsor-newton-fineliner'),(84,5,21,13,'Winsor & Newton Fineliner Black Pen Set 3x','The Black Fineliner Pen fits every style of sketching, featuring a smoothly tapered nib and a longer barrel to sit comfortably in the hand and allow for flexible grip adjustments. A pen that helps you capture your ideas more fluidly. Optimised for sketching and drawing: water resistant, non-fading pigment ink, consistent and reliable ink flow.','winsor-newton-fineliner-set-black-set'),(85,5,21,13,'Winsor & Newton Fineliner Cool Gray Pen Set 3x','The Cool Grey Fineliner Pen is perfect for traditional sketching, featuring a smoothly tapered nib and a longer barrel to sit comfortably in the hand and allow for flexible grip adjustments. Water resistant, non-fading pigment ink, consistent and reliable ink flow. This set includes 3 Cool Grey Fineliners: 0.1, 0.3 and 0.5 mm nibs.','winsor-newton-fineliner-set-cool-gray-set'),(86,5,21,13,'Winsor & Newton Fineliner Sepia Pen Set 3x','The Sepia Fineliner Pen is perfect for traditional sketching, featuring a smoothly tapered nib and a longer barrel to sit comfortably in the hand and allow for flexible grip adjustments. Water resistant, non-fading pigment ink, consistent and reliable ink flow. This set includes 3 Sepia Fineliners: 0.1, 0.3 and 0.5 mm nibs.','winsor-newton-fineliner-set-sepia-set'),(87,5,21,13,'Winsor & Newton Fineliner Black Pen Set 5x','The Black Fineliner Pen fits every style of sketching, featuring a smoothly tapered nib and a longer barrel to sit comfortably in the hand and allow for flexible grip adjustments. A pen that helps you capture your ideas more fluidly. Optimised for sketching and drawing: water resistant, non-fading pigment ink, consistent and reliable ink flow. Included in this set: fineliners in 5 nib sizes 0.1, 0.3, 0.5, 0.8 and 1.0mm.','winsor-newton-fineliner-set-black-assorted-set-5x'),(88,4,16,13,'Winsor & Newton Professional Watercolour Paper Cold Press 300gsm','Rough paper has a pronounced tooth for achieving watercolours paintings with the most texture and granulation effects. Formed in a traditional cylinder mould our watercolour paper gives the appearance of being handmade. All of our watercolour papers are designed to withstand saturation, and this gummed block keeps the paper stretched as it dries. The finished piece is then removed free from any buckling. Each block contains 20 sheets of 300gsm paper.','winsor-newton-professional-watercolour-paper-cold-press'),(89,4,16,13,'Winsor & Newton Professional Watercolour Paper Hot Press 300gsm','Rough paper has a pronounced tooth for achieving watercolours paintings with the most texture and granulation effects. Formed in a traditional cylinder mould our watercolour paper gives the appearance of being handmade. All of our watercolour papers are designed to withstand saturation, and this gummed block keeps the paper stretched as it dries. The finished piece is then removed free from any buckling. Each block contains 20 sheets of 300gsm paper.','winsor-newton-professional-watercolour-paper-hot-press'),(90,4,16,13,'Winsor & Newton Professional Watercolour Paper Rough 300gsm','Rough paper has a pronounced tooth for achieving watercolours paintings with the most texture and granulation effects. Formed in a traditional cylinder mould our watercolour paper gives the appearance of being handmade. All of our watercolour papers are designed to withstand saturation, and this gummed block keeps the paper stretched as it dries. The finished piece is then removed free from any buckling. Each block contains 20 sheets of 300gsm paper.','winsor-newton-professional-watercolour-paper-rough'),(91,4,16,13,'Winsor & Newton Professional Watercolour Paper Sheet Cold Press 300gsm','Hot-pressed paper is the smoothest watercolour paper with almost no tooth. With its even surface it is often used for consistent washes and fine detail. Formed in a traditional cylinder mould our watercolour paper gives the appearance of being handmade. All of our watercolour papers are designed to withstand saturation, and this paper sheet has 4 sides with soft torn deckle edges and a watermark as a symbol of authenticity and distinction. Each bag contains 10 sheets of 300gsm paper.','winsor-newton-professional-watercolour-paper-sheet-cold-press'),(92,4,16,13,'Winsor & Newton Professional Watercolour Paper Sheet Hot Press 300gsm','Hot-pressed paper is the smoothest watercolour paper with almost no tooth. With its even surface it is often used for consistent washes and fine detail. Formed in a traditional cylinder mould our watercolour paper gives the appearance of being handmade. All of our watercolour papers are designed to withstand saturation, and this paper sheet has 4 sides with soft torn deckle edges and a watermark as a symbol of authenticity and distinction. Each bag contains 10 sheets of 300gsm paper.','winsor-newton-professional-watercolour-paper-sheet-hot-press'),(93,4,16,13,'Winsor & Newton Professional Watercolour Paper Sheet Rough 300gsm','Hot-pressed paper is the smoothest watercolour paper with almost no tooth. With its even surface it is often used for consistent washes and fine detail. Formed in a traditional cylinder mould our watercolour paper gives the appearance of being handmade. All of our watercolour papers are designed to withstand saturation, and this paper sheet has 4 sides with soft torn deckle edges and a watermark as a symbol of authenticity and distinction. Each bag contains 10 sheets of 300gsm paper.','winsor-newton-professional-watercolour-paper-sheet-rough'),(94,4,16,13,'Winsor & Newton Professional Watercolour Journal Spiral Bound Cold Press 300gsm 5” x 7”','Cold-pressed paper has a medium grain with a less pronounced tooth than rough paper, and is an all-round paper for both detail and textured effects. Formed in a traditional cylinder mould our watercolour paper gives the appearance of being handmade. All of our watercolour papers are designed to withstand saturation, and this spiral journal is an ideal size and format for painting on the go. Each pad contains 15 sheets of 300gsm paper.','winsor-newton-professional-watercolour-journal-sprial-bound-cold-press'),(95,4,16,13,'Winsor & Newton Watercolour Journal Spiral Bound Cold Press 300gsm','This cold-pressed paper has a medium grain and is thought to produce the brightest watercolour paintings. This is because the increased surface area reflects more light. All of our watercolour papers are designed to withstand saturation, so you can be confident the paper won’t cockle.','winsor-newton-watercolour-journal-sprial-bound-cold-press'),(96,4,16,13,'Winsor & Newton Watercolour Pad Cold Press 300gsm','This cold-pressed paper has a medium grain and is thought to produce the brightest watercolour paintings. This is because the increased surface area reflects more light. All of our watercolour papers are designed to withstand saturation, so you can be confident the paper won’t cockle.','winsor-newton-watercolour-pad'),(97,4,17,13,'Winsor & Newton Drawing Paper Spiral Pad Medium 150gsm','Medium Surface Drawing Paper is suitable for a variety of drawing and sketching applications and media including pencil, coloured pencil, pastel, oil pastel and charcoal. The paper weights range from 150-220gsm and are available in gummed and spiral pads, sheets and roll.','winsor-newton-drawing-paper-spiral-pad-medium'),(98,4,17,13,'Winsor & Newton Drawing Paper Spiral Pad Smooth 150gsm','Smooth Surface Drawing Paper is suitable for a variety of drawing and sketching techniques such as calligraphy, technical pen and coloured pencil techniques. The paper weights range from 150-220gsm and are available in gummed and spiral pads, sheets and roll.','winsor-newton-drawing-paper-spiral-pad-smooth'),(99,4,15,13,'Winsor & Newton Sketching Paper Spiral Cartridge Pad 110gsm','Our medium-textured cartridge spiral pads are ideal for sketching and drawing with pencils, pastels and charcoals, holding line and graduation well. Winsor & Newton’s portable sketch pad opens perfectly flat and include easy to remove micro-perforated sheets.','winsor-newton-sketching-paper-spiral-pad'),(100,4,15,13,'Winsor & Newton Spiral Sketchbook 110gsm','These sketch books are made with 110gsm acid-free paper, to ensure longevity. Each sheet is perforated along the edge to allow for easy removal. They are suitable for use with pencil, pen and ink and light watercolour washes.These high quality black case bound hard black sketch books are available in two styles; one is case bound with a classic leather effect black cover and the second is a wire-o style hard backed sketch book. Both styles contain 80 perforated sheets of 110gsm cartridge paper.','winsor-newton-sprial-sketchbook'),(101,4,15,13,'Winsor & Newton Hardbound Sketchbook 110gsm','These sketch books are made with 110gsm acid-free paper, to ensure longevity. Each sheet is perforated along the edge to allow for easy removal. They are suitable for use with pencil, pen and ink and light watercolour washes.These high quality black case bound hard black sketch books are available in two styles; one is case bound with a classic leather effect black cover and the second is a wire-o style hard backed sketch book. Both styles contain 80 perforated sheets of 110gsm cartridge paper.','winsor-newton-hardbound-sketchbook'),(102,4,15,13,'Winsor & Newton Bristol Board 250gsm','The Bristol Board range is 250gsm/114lb in weight with an extra smooth, bright white surface. It is ideal for fine detail drawings and illustrations with pencil, technical pen, ink and airbrush. 100% acid and wood-free it has a strong surface for repeated working and erasing and is suitable for light washes without cockling.','winsor-newton-bristol-board'),(103,4,18,13,'Winsor & Newton Mixed Media Paper Spiral Pad 250gsm','Winsor & Newton’s mixed media paper is versatile and multipurpose. Heavyweight as well as non-absorbent, it combines the characteristics of watercolour and acrylic papers with those of drawing papers. Free from acids and optical brighteners, this paper is of archival quality for stability and resistance to ageing and is available in 250 gsm paper padof 30 sheets.','winsor-newton-mixed-media-paper-spiral-pad'),(104,4,18,13,'Winsor & Newton Black Mixed Media Paper Pad 200gsm','Winsor & Newton’s black mixed media paper is versatile and multipurpose for a variety of design&illustration, crafts and decorative arts. Ideal to use with white, opaque, and metallic colours, either in ink, marker, or across other wet and dry techniques to create contrasting and vibrant effects. Available in 200 gsm paper pads of 25 sheets.','winsor-newton-black-mixed-media-paper-pad'),(105,4,18,18,'Stillman & Birn Mixed Media Paper Nova Medium Grain 150gsm','Unbound sheets to work in plein aire, in a studio on an easel, or to be able to tape sheets to an art board for increased surface stability with wet techniques.','stillman-birn-mixed-media-paper-nova-medium'),(106,4,18,18,'Stillman & Birn Mixed Media Paper Beta Cold Press 150gsm','Unbound sheets to work in plein aire, in a studio on an easel, or to be able to tape sheets to an art board for increased surface stability with wet techniques.','stillman-birn-mixed-media-paper-beta-cold-press'),(107,4,18,18,'Stillman & Birn Mixed Media Paper Alpha Medium Grain 150gsm','Unbound sheets to work in plein aire, in a studio on an easel, or to be able to tape sheets to an art board for increased surface stability with wet techniques.','stillman-birn-mixed-media-paper-alpha-medium'),(108,4,18,18,'Stillman & Birn Mixed Media Paper Delta Cold Press 150gsm','Unbound sheets to work in plein aire, in a studio on an easel, or to be able to tape sheets to an art board for increased surface stability with wet techniques.','stillman-birn-mixed-media-paper-delta-cold-press'),(109,4,18,18,'Stillman & Birn Mixed Media Paper Epsilon Smooth Grain 150gsm','Unbound sheets to work in plein aire, in a studio on an easel, or to be able to tape sheets to an art board for increased surface stability with wet techniques.','stillman-birn-mixed-media-paper-epsilon-smooth'),(110,4,18,18,'Stillman & Birn Mixed Media Paper Gamma Medium Grain 150gsm','Unbound sheets to work in plein aire, in a studio on an easel, or to be able to tape sheets to an art board for increased surface stability with wet techniques.','stillman-birn-mixed-media-paper-gamma-medium'),(111,4,18,18,'Stillman & Birn Mixed Media Paper Zeta Smooth Grain 150gsm','Unbound sheets to work in plein aire, in a studio on an easel, or to be able to tape sheets to an art board for increased surface stability with wet techniques.','stillman-birn-mixed-media-paper-zeta-smooth'),(112,6,23,4,'Liquitex Bio Based Medium Matte Medium','A planet-positive way to give your paint a matte finish, while thinning and extending its volume. Or use as a collaging adhesive and fixative.','liquitex-bio-based-medium-matte-medium'),(113,6,23,4,'Liquitex Bio Based Medium Matte Gel','A planet-positive way to give your paint a matte finish, while thinning and extending its volume. Or use as a collaging adhesive and fixative.','liquitex-bio-based-medium-matte-gel'),(114,6,23,4,'Liquitex Bio Based Medium Gloss','A planet-positive way to give your paint a matte finish, while thinning and extending its volume. Or use as a collaging adhesive and fixative.','liquitex-bio-based-medium-gloss'),(115,6,23,4,'Liquitex Bio Based Medium Gloss Gel','A planet-positive way to give your paint a matte finish, while thinning and extending its volume. Or use as a collaging adhesive and fixative.','liquitex-bio-based-medium-gloss-gel'),(116,6,23,13,'Winsor & Newton Professional Acrylic Gloss Medium','Maintains no colour shift from wet to dry when used with Professional Acrylic. Increases the depth, transparency and flow of colour for blending or fine detail. Provides an even gloss finish. Please note this product is going through a transition period with the label, you may receive products labelled as ARTISTS\' instead of PROFESSIONAL, rest assured the formula remains the same.','winsor-newton-professional-acrylic-gloss-medium'),(117,6,23,13,'Winsor & Newton Professional Acrylic Gloss Medium','Gives colour a matte finish whilst also improving transparency and flow of the colour, great for blending or fine detail. Please note this product is going through a transition period with the label, you may receive products labelled as ARTISTS\' instead of PROFESSIONAL, rest assured the formula remains the same.','winsor-newton-professional-acrylic-matt-medium'),(118,6,24,13,'Winsor & Newton Professional Acrylic Gloss UV Varnish','Dries to an even gloss finish, and can be mixed with Professional Acrylic Matte Varnish to vary the final finish. Can be removed with Professional Acrylic Varnish Remover. Please note this product is going through a transition period with the label, you may receive products labelled as ARTISTS\' instead of PROFESSIONAL, rest assured the formula remains the same.','winsor-newton-professional-acrylic-gloss-uv-varnish'),(119,6,24,13,'Winsor & Newton Professional Acrylic Satin UV Varnish','Dries to an even satin finish. Can be removed with Professional Acrylic Varnish Remover. Please note this product is going through a transition period with the label, you may receive products labelled as ARTISTS\' instead of PROFESSIONAL, rest assured the formula remains the same.','winsor-newton-professional-acrylic-satin-uv-varnish'),(120,6,24,13,'Winsor & Newton Professional Acrylic Matt UV Varnish','Dries to an even matte finish, and can be mixed with Professional Acrylic Gloss Varnish to vary the final finish. Can be removed with Professional Acrylic Varnish Remover. Please note this product is going through a transition period with the label, you may receive products labelled as ARTISTS\' instead of PROFESSIONAL, rest assured the formula remains the same.','winsor-newton-professional-acrylic-matt-uv-varnish'),(121,6,24,4,'Liquitex Professional Mediums Gloss Varnish','Seal your acrylic work with a transparent, gloss acrylic layer which is breathable, permanent and protects against UV damage.','liqiutex-professional-mediums-gloss-varnish'),(122,6,24,4,'Liquitex Professional Mediums High Gloss Varnish','Seal your acrylic work with a transparent, high gloss acrylic layer which is breathable, permanent and protects against UV damage','liqiutex-professional-mediums-high-gloss-varnish'),(123,6,24,4,'Liquitex Professional Mediums Matte Varnish','Seal your acrylic work with a transparent, matte acrylic layer which is breathable, permanent and protects against UV damage.','liqiutex-professional-mediums-matte-varnish'),(124,6,24,4,'Liquitex Professional Mediums Soluver Matte Varnish Spray 400 ml','Seal your acrylic work with a transparent, matte acrylic layer which is breathable, permanent and protects against UV damage.','liquitex-professional-mediums-soluvar-matte-varnish-spray'),(125,6,24,4,'Liquitex Professional Mediums Matte Varnish Spray 400 ml','Seal your acrylic work with a transparent, matte acrylic layer which is breathable, permanent and protects against UV damage','liquitex-professional-mediums-matte-varnish-spray'),(126,6,24,4,'Liquitex Professional Mediums Gloss Varnish Spray 400 ml','Seal your acrylic work with a transparent, gloss acrylic layer which is breathable, permanent and protects against UV damage.','liquitex-professional-mediums-gloss-varnish-spray'),(127,6,25,4,'Liquitex Professional Mediums Modeling Paste','Acrylic and marble putty to build texture on rigid supports and create 3D forms.','liquitex-professional-mediums-modeling-paste'),(128,6,25,4,'Liquitex Professional Mediums Flexible Modeling Paste','Acrylic and marble putty to build textures on semi-flexible supports and create 3D forms.','liquitex-professional-mediums-flexible-modeling-paste'),(129,6,25,4,'Liquitex Professional Mediums Gloss Gel Medium','Increase gloss, extend volume and thicken, while extending open time - or use as a collaging adhesive.','liquitex-professional-mediums-gloss-gel-medium'),(130,6,25,4,'Liquitex Professional Mediums Matte Gel','Reduce shine, extend volume and thicken, while extending open time - or use as a strong collaging adhesive.','liquitex-professional-mediums-matte-gel'),(131,6,25,13,'Winsor & Newton Professional Acrylic Mediums Modeling Paste','This modelling paste is lightweight and flexible so it doesn’t shrink or crack. Increases opacity, body and structure and is ideal for carving, sanding and building extreme textures. It can be used to build up depth in layers, and either overpainted when dry or mixed with colour. Dries to an even matte finish. Please note this product is going through a transition period with the label, you may receive products labelled as ARTISTS\' instead of PROFESSIONAL, rest assured the formula remains the same.','winsor-newton-professional-acrylic-mediums-modeling-paste'),(132,6,25,13,'Winsor & Newton Professional Acrylic Mediums Gloss Gel','Maintains no colour shift from wet to dry when used with Professional Acrylic. Increases transparency, depth and gloss of colour and maintains the thickness of the colour with good brush stroke retention. Dries to an even gloss finish. Please note this product is going through a transition period with the label, you may receive products labelled as ARTISTS\' instead of PROFESSIONAL, rest assured the formula remains the same.','winsor-newton-professional-acrylic-mediums-gloss-gel'),(133,6,25,13,'Winsor & Newton Professional Acrylic Mediums Matt Gel','Gives colour a matte finish whilst also maintaining the thickness of the colour with good brush stroke retention. Please note this product is going through a transition period with the label, you may receive products labelled as ARTISTS\' instead of PROFESSIONAL, rest assured the formula remains the same.','winsor-newton-professional-acrylic-mediums-matt-gel'),(134,6,26,4,'Liquitex Professional Mediums Flow-aid Additive 118 ml','Dramatically increase the flow of your color/mediums while minimizing brush strokes.','liquitex-professional-mediums-flow-aid-additive'),(135,6,26,4,'Liquitex Professional Mediums Liquithick Additive 237 ml','Create custom viscosity and a matte finish without increasing paint transparency.','liquitex-professional-mediums-liquithick-additive'),(136,6,26,4,'Liquitex Professional Mediums Slow-Dri Fluid Additive 118 ml','Slow drying time by 40%, without affecting color opacity, so you can work your paint for longer.','liquitex-professional-mediums-slow-dri-fluid-additive'),(137,6,26,4,'Liquitex Professional Mediums Slow-Dri Gel Additive 237 ml','Slow drying time by 40%, without affecting color opacity, so you can work it for longer.','liquitex-professional-mediums-slow-dri-gel-additive'),(138,6,26,13,'Winsor & Newton Professional Acrylic Mediums Flow Improver','Maintains no colour shift from wet to dry when used with Professional Acrylic. Increases the flow of colour allowing the application of areas of flat, even colour without changing colour strength. Also maintains the stability of colour and slightly slows drying. Please note this product is going through a transition period with the label, you may receive products labelled as ARTISTS\' instead of PROFESSIONAL, rest assured the formula remains the same.','winsor-newton-professional-acrylic-mediums-flow-improver'),(139,6,26,13,'Winsor & Newton Professional Acrylic Slow Drying Medium','Maintains no colour shift from wet to dry when used with Professional Acrylic. Slows drying to give more working time of colour for extended blending and manipulation. Please note this product is going through a transition period with the label, you may receive products labelled as ARTISTS\' instead of PROFESSIONAL, rest assured the formula remains the same.','winsor-newton-professional-acrylic-slow-drying-medium'),(140,5,21,4,'Liquitex Muted Collection Ink Set','Discover Acrylic Ink, our ultra-fluid professional acrylic. Originally a special release, now permanent, this set brings together the full range of Acrylic Ink muted colors and Titanium White to create tints and pastels.','liquitex-muted-collection-ink-set'),(141,1,2,4,'Liquitex Heavy Body Acrylic Set 6x22ml Classic','Heavy Body Acrylic is our highest viscosity professional acrylic. Broaden your palette with this collection of classic and popular colors.','liquitex-heavy-body-acrylic-set-6x22ml-classic'),(142,1,1,13,'Winsor & Newton Winton Oil Colors','Winton Oil Colour offers quality and affordability by using moderately priced pigments, rather than reducing the pigment load and compromising colour performance. The high level of pigmentation provides good covering power and tinting strength.','winsor-newton-winton-oil-colors'),(143,4,15,18,'Stillman & Birn Alpha Series Softcover Premium Sketchbook','The Alpha Series Sketchbook from Stillman & Birn features heavyweight, 150 gsm (100 lb cover) white paper that has been carefully sewn into a flexible and rugged softcover binding. The white, mixed media paper has a medium grain surface and works well with all dry media, light washes, and inks. Special rounded corners prevent frayed edges. This portrait sketchbook comes in a few different sizes.  42 sheets, 92 pages.','stillman-birn-alpha-softcover'),(144,4,15,18,'Stillman & Birn Beta Series Softcover Premium Sketchbook','The Beta Series Sketchbook from Stillman & Birn features extra heavyweight, 270 gsm (100 lb cover) white paper that has been carefully sewn into a flexible and rugged softcover binding. The mixed media, cold press paper boasts a substantial tooth with enhanced wet and tear strength. Perfect for dry and wet media, watercolor and ink. Special rounded corners prevent frayed edges. 28 sheets, 56 pages, 5.5\" x 8.5\".','stillman-birn-beta-softcover'),(145,4,15,18,'Stillman & Birn Gamma Series Softcover Premium Sketchbook','The Gamma Series Sketchbook from Stillman & Birn features heavyweight, 150 gsm (100 lb cover) ivory paper that has been carefully sewn into a flexible and rugged softcover binding. The mixed media, medium grain paper works well with dry media, light washes and inks. Special rounded corners prevent frayed edges.  48 sheets, 96 pages, 5.5\" x 8.5\".','stillman-birn-gamma-softcover'),(146,4,15,18,'Stillman & Birn Nova Series Softcover Premium Sketchbook','The Nova Series Sketchbook from Stillman & Birn features heavyweight, 150 gsm white paper that has been carefully sewn into a flexible and rugged softcover binding. The white, mixed media paper has a medium grain surface and works well with all dry media, light washes, and inks. Special rounded corners prevent frayed edges. 46 sheets, 92 pages, 5.5\" x 8.5\".','stillman-birn-nova-softcover'),(147,4,15,18,'Stillman & Birn Epsilon Series Softcover Premium Sketchbook','The Epsilon Series Sketchbook from Stillman & Birn features heavyweight, 150 gsm (100 lb cover) white paper that has been carefully sewn into a flexible and rugged softcover binding. The mixed media, smooth paper is great for pen & ink, dry media and light washes. Special rounded corners prevent frayed edges. 48 sheets, 96 pages.','stillman-birn-epsilon-softcover'),(148,1,4,4,'Liquitex Professional Acrylic Gouache','Meet Acrylic Gouache, the most highly pigmented of all our paints. This color set gives you endless mixing possibilities, while Titanium White and Mars Black can be used on their own or to tint and shade.','liquitex-acrylic-gouache'),(149,1,3,13,'Winsor & Newton Cotman Watercolor Set  - Pocket Set','Discover Cotman Watercolours made with quality, fine art pigments in a pocket-sized set. Includes a brush and palettes with multiple mixing areas. Palette Pocket Set was previously named Pocket Plus.','winsor-newton-cotman-watercolor-pocket-set');
/*!40000 ALTER TABLE `product_group` ENABLE KEYS */;
UNLOCK TABLES;

--
-- Table structure for table `product_item`
--

DROP TABLE IF EXISTS `product_item`;
/*!40101 SET @saved_cs_client     = @@character_set_client */;
/*!50503 SET character_set_client = utf8mb4 */;
CREATE TABLE `product_item` (
  `product_item_id` int NOT NULL,
  `product_group_id` int NOT NULL,
  `color_id` int DEFAULT NULL,
  `size_id` int DEFAULT NULL,
  `price` decimal(10,2) NOT NULL,
  PRIMARY KEY (`product_item_id`),
  KEY `ProductGroupID` (`product_group_id`),
  KEY `ColorID` (`color_id`),
  KEY `SizeID` (`size_id`),
  CONSTRAINT `product_item_ibfk_1` FOREIGN KEY (`product_group_id`) REFERENCES `product_group` (`product_group_id`),
  CONSTRAINT `product_item_ibfk_2` FOREIGN KEY (`color_id`) REFERENCES `product_color` (`color_id`),
  CONSTRAINT `product_item_ibfk_3` FOREIGN KEY (`size_id`) REFERENCES `product_size` (`size_id`)
) ENGINE=InnoDB DEFAULT CHARSET=utf8mb3;
/*!40101 SET character_set_client = @saved_cs_client */;

--
-- Dumping data for table `product_item`
--

LOCK TABLES `product_item` WRITE;
/*!40000 ALTER TABLE `product_item` DISABLE KEYS */;
INSERT INTO `product_item` VALUES (1,1,12,264,15.49),(2,1,40,264,15.49),(3,1,3,264,15.49),(4,1,42,264,15.49),(5,1,53,264,15.49),(6,1,11,264,15.49),(7,1,67,264,15.49),(8,1,325,264,15.49),(9,1,56,264,15.49),(10,1,23,264,15.49),(11,1,16,264,15.49),(12,1,335,264,15.49),(13,2,44,266,3.49),(14,2,41,266,3.49),(15,2,63,266,3.49),(16,2,42,266,3.49),(17,2,169,266,3.49),(18,2,376,266,3.49),(19,2,40,266,3.49),(20,2,35,266,3.49),(21,2,3,266,3.49),(22,2,377,266,3.49),(23,2,378,266,3.49),(24,2,34,266,3.49),(25,2,336,266,3.49),(26,2,379,266,3.49),(27,2,181,266,3.49),(28,2,331,266,3.49),(29,2,264,266,3.49),(30,2,325,266,3.49),(31,2,33,266,3.49),(32,2,190,266,3.49),(33,2,114,266,3.49),(34,2,324,266,3.49),(35,2,380,266,3.49),(36,2,11,266,3.49),(37,2,381,266,3.49),(38,2,56,266,3.49),(39,2,10,266,3.49),(40,2,53,266,3.49),(41,2,382,266,3.49),(42,2,197,266,3.49),(43,2,54,266,3.49),(44,2,383,266,3.49),(45,2,319,266,3.49),(46,2,126,266,3.49),(47,2,318,266,3.49),(48,2,384,266,3.49),(49,2,385,266,3.49),(50,2,315,266,3.49),(51,2,387,266,3.49),(52,2,386,266,3.49),(53,2,388,266,3.49),(54,2,389,266,3.49),(55,2,390,266,3.49),(56,2,391,266,3.49),(57,2,392,266,3.49),(58,2,313,266,3.49),(59,2,43,266,3.49),(60,2,23,266,3.49),(61,2,312,266,3.49),(62,2,38,266,3.49),(63,2,12,266,3.49),(64,2,16,266,3.49),(65,2,60,266,3.49),(66,7,NULL,307,15.29),(67,7,NULL,308,15.99),(68,7,NULL,309,16.29),(69,7,NULL,310,16.99),(70,7,NULL,311,17.29),(71,7,NULL,60,18.29),(72,7,NULL,64,19.29),(73,7,NULL,312,21.29),(74,7,NULL,107,24.29),(75,7,NULL,17,26.29),(76,7,NULL,313,30.99),(77,7,NULL,27,32.99),(78,5,NULL,NULL,48.99),(79,6,26,46,10.14),(80,6,27,46,10.14),(81,6,28,46,10.14),(82,6,29,46,10.14),(83,6,30,46,10.14),(84,8,NULL,60,17.17),(85,8,NULL,64,22.99),(86,8,NULL,312,19.44),(87,8,NULL,107,26.16),(88,8,NULL,27,32.14),(89,8,NULL,30,40.25),(90,9,NULL,314,8.84),(91,9,NULL,64,19.32),(92,12,NULL,17,25.99),(93,12,NULL,64,23.32),(94,13,NULL,64,21.32),(95,13,NULL,315,81.44),(96,14,NULL,316,639.99),(97,53,NULL,310,12.79),(98,53,NULL,60,21.49),(99,53,NULL,64,26.99),(100,53,NULL,107,29.49),(101,53,NULL,17,31.99),(102,3,161,266,4.69),(103,3,162,266,4.69),(104,3,159,266,4.69),(105,3,337,266,4.69),(106,3,338,266,4.69),(107,3,339,266,4.69),(108,3,340,266,4.69),(109,3,341,266,4.69),(110,3,161,267,12.99),(111,3,162,267,12.99),(112,3,159,267,12.99),(113,3,337,267,12.99),(114,3,338,267,12.99),(115,3,339,267,12.99),(116,3,340,267,12.99),(117,3,341,267,12.99),(118,4,NULL,NULL,57.19),(119,10,NULL,NULL,22.59),(120,11,81,42,38.89),(121,11,393,42,38.89),(122,11,394,42,21.29),(123,11,163,42,38.89),(124,11,395,42,38.89),(125,11,396,42,21.29),(126,11,41,42,38.89),(127,11,397,42,16.19),(128,11,164,42,38.89),(129,11,398,42,38.89),(130,11,167,42,38.89),(131,11,399,42,38.89),(132,11,39,42,21.29),(133,11,169,42,38.89),(134,11,332,42,38.89),(135,11,40,42,38.89),(136,11,329,42,38.89),(137,11,400,42,38.89),(138,11,401,42,21.29),(139,11,402,42,21.29),(140,11,173,42,38.89),(141,11,403,42,38.89),(142,11,404,42,21.29),(143,11,175,42,38.89),(144,11,405,42,38.89),(145,11,182,42,21.29),(146,11,406,42,21.29),(147,11,336,42,38.89),(148,11,375,42,21.29),(149,11,407,42,51.29),(150,11,408,42,51.29),(151,11,409,42,16.19),(152,11,36,42,38.89),(153,11,1,42,21.29),(154,11,410,42,21.29),(155,11,179,42,38.89),(156,11,180,42,21.29),(157,11,411,42,29.89),(158,11,33,42,21.29),(159,11,106,42,21.29),(160,11,412,42,21.29),(161,11,413,42,29.89),(162,11,414,42,21.29),(163,11,415,42,16.19),(164,11,58,42,51.29),(165,11,416,42,38.89),(166,11,417,42,16.19),(167,11,191,42,21.29),(168,11,57,42,21.29),(169,11,418,42,21.29),(170,11,419,42,21.29),(171,11,420,42,51.29),(172,11,198,42,16.19),(173,11,53,42,38.89),(174,11,421,42,38.89),(175,11,422,42,21.29),(176,11,423,42,21.29),(177,11,424,42,21.29),(178,11,56,42,38.89),(179,11,54,42,38.89),(180,11,261,42,16.19),(181,11,343,42,16.19),(182,11,425,42,51.29),(183,11,199,42,38.89),(184,11,133,42,51.29),(185,11,426,42,29.89),(186,11,427,42,38.89),(187,11,428,42,16.19),(188,11,429,42,21.29),(189,11,430,42,21.29),(190,11,431,42,21.29),(191,11,276,42,16.19),(192,11,203,42,38.89),(193,11,432,42,21.29),(194,11,49,42,21.29),(195,11,433,42,38.89),(196,11,434,42,38.89),(197,11,435,42,21.29),(198,11,48,42,21.29),(199,11,436,42,16.19),(200,11,83,42,16.19),(201,11,207,42,21.29),(202,11,437,42,16.19),(203,11,438,42,16.19),(204,11,439,42,21.29),(205,11,208,42,16.19),(206,11,5,42,16.19),(207,11,440,42,16.19),(208,11,23,42,16.19),(209,11,441,42,21.29),(210,11,346,42,16.19),(211,11,38,42,38.89),(212,11,442,42,16.19),(213,11,443,42,16.19),(214,11,32,42,16.19),(215,11,444,42,16.19),(216,11,445,42,21.29),(217,11,446,42,21.29),(218,11,447,42,21.29),(219,11,448,42,21.29),(220,11,449,42,16.19),(221,11,12,42,16.19),(222,11,13,42,16.19),(223,11,59,42,16.19),(224,11,450,42,16.19),(225,11,451,42,21.29),(226,11,452,42,16.19),(227,11,453,42,16.19),(228,11,194,42,21.29),(229,11,454,42,16.19),(230,11,14,42,21.29),(231,11,60,42,16.19),(232,11,154,42,16.19),(233,11,212,42,16.19),(234,11,455,42,16.19),(235,11,213,42,16.19),(236,11,456,42,16.19),(237,11,16,42,16.19),(238,11,250,42,21.29),(239,11,88,42,21.29),(240,11,153,42,21.29),(241,11,350,42,16.19),(242,11,145,42,21.29),(243,11,349,42,21.29),(244,11,457,42,16.19),(245,15,NULL,NULL,122.99),(246,16,NULL,NULL,75.59),(247,17,NULL,NULL,75.59),(248,18,NULL,NULL,31.29),(249,19,81,66,11.69),(250,19,393,66,17.29),(251,19,393,144,33.99),(252,19,395,66,17.29),(253,19,395,144,33.99),(254,19,163,66,17.29),(255,19,163,144,33.99),(256,19,394,66,11.69),(257,19,396,66,11.69),(258,19,164,66,17.29),(259,19,167,66,17.29),(260,19,458,66,11.69),(261,19,39,66,11.69),(262,19,40,66,17.29),(263,19,329,66,17.29),(264,19,459,66,11.69),(265,19,400,66,15.69),(266,19,400,144,26.49),(267,19,173,66,17.29),(268,19,173,144,33.99),(269,19,404,66,13.69),(270,19,404,144,24.79),(271,19,460,66,17.29),(272,19,460,144,33.99),(273,19,36,66,15.69),(274,19,179,66,15.69),(275,19,412,66,15.69),(276,19,416,66,15.69),(277,19,416,144,26.49),(278,19,191,66,11.69),(279,19,421,66,15.69),(280,19,421,144,26.49),(281,19,420,66,17.29),(282,19,418,66,13.69),(283,19,418,144,24.79),(284,19,53,66,17.29),(285,19,56,66,11.69),(286,19,56,144,19.99),(287,19,461,66,15.69),(288,19,461,144,26.49),(289,19,54,66,13.79),(290,19,343,66,13.69),(291,19,343,144,24.79),(292,19,133,66,17.29),(293,19,462,66,15.69),(294,19,462,144,26.49),(295,19,276,66,11.69),(296,19,276,144,19.99),(297,19,345,66,13.79),(298,19,203,66,15.69),(299,19,203,144,26.49),(300,19,48,66,11.69),(301,19,346,66,11.69),(302,19,344,66,11.69),(303,19,210,66,17.29),(304,19,12,66,11.69),(305,19,13,66,11.69),(306,19,148,66,11.69),(307,19,148,144,19.99),(308,19,14,66,11.69),(309,19,16,66,11.69),(310,19,16,144,19.99),(311,20,347,268,7.69),(312,20,153,268,7.69),(313,20,348,268,7.69),(314,20,349,268,7.69),(315,20,350,268,7.69),(316,20,351,268,7.69),(317,20,352,268,7.69),(318,21,5,42,11.49),(319,21,38,42,11.49),(320,21,12,42,11.49),(321,21,353,42,11.49),(322,21,35,42,11.49),(323,21,44,42,11.49),(324,21,42,42,11.49),(325,21,54,42,11.49),(326,21,53,42,11.49),(327,21,11,42,11.49),(328,21,60,42,11.49),(329,21,106,42,11.49),(330,21,50,42,11.49),(331,21,23,42,11.49),(332,21,276,42,11.49),(333,21,16,42,11.49),(334,24,NULL,4,40.59),(335,24,NULL,3,31.79),(336,24,NULL,14,22.69),(337,24,NULL,271,19.29),(338,24,NULL,13,18.59),(339,24,NULL,270,14.89),(340,24,NULL,12,14.19),(341,24,NULL,269,12.89),(342,24,NULL,8,11.99),(343,24,NULL,2,11.69),(344,25,NULL,232,40.59),(345,25,NULL,231,31.79),(346,25,NULL,230,22.69),(347,25,NULL,274,19.29),(348,25,NULL,229,18.59),(349,25,NULL,273,14.89),(350,25,NULL,228,14.19),(351,25,NULL,272,12.89),(352,25,NULL,227,11.99),(353,25,NULL,275,11.69),(354,26,NULL,137,40.59),(355,26,NULL,136,31.79),(356,26,NULL,135,22.69),(357,26,NULL,278,19.29),(358,26,NULL,134,18.59),(359,26,NULL,277,14.89),(360,26,NULL,133,14.19),(361,26,NULL,236,12.89),(362,26,NULL,132,11.99),(363,26,NULL,131,11.69),(364,27,NULL,123,40.59),(365,27,NULL,122,31.79),(366,27,NULL,121,22.69),(367,27,NULL,281,19.29),(368,27,NULL,120,18.59),(369,27,NULL,280,14.89),(370,27,NULL,119,14.19),(371,27,NULL,279,12.89),(372,27,NULL,118,11.99),(373,27,NULL,117,11.69),(374,28,NULL,282,60.49),(375,29,NULL,283,73.79),(376,30,NULL,141,44.99),(377,30,NULL,139,40.29),(378,30,NULL,138,31.29),(379,30,NULL,137,22.49),(380,30,NULL,136,19.19),(381,30,NULL,135,16.79),(382,30,NULL,134,13.99),(383,30,NULL,277,11.49),(384,30,NULL,133,10.99),(385,30,NULL,236,10.39),(386,30,NULL,132,10.19),(387,30,NULL,131,9.89),(388,30,NULL,130,9.49),(389,30,NULL,284,9.09),(390,31,NULL,134,13.99),(391,31,NULL,132,10.19),(392,31,NULL,131,9.89),(393,22,NULL,NULL,48.39),(394,23,NULL,NULL,65.99),(395,32,NULL,285,60.79),(396,32,NULL,10,45.89),(397,32,NULL,5,37.79),(398,32,NULL,7,28.29),(399,32,NULL,4,19.69),(400,32,NULL,14,16.89),(401,32,NULL,12,13.59),(402,32,NULL,8,12.69),(403,36,NULL,128,45.89),(404,36,NULL,126,37.79),(405,36,NULL,124,28.29),(406,36,NULL,123,19.69),(407,36,NULL,121,16.89),(408,36,NULL,119,13.59),(409,36,NULL,118,12.69),(410,37,NULL,286,28.29),(411,37,NULL,232,19.99),(412,37,NULL,230,16.89),(413,37,NULL,228,13.59),(414,37,NULL,227,12.69),(415,38,NULL,137,27.79),(416,38,NULL,136,24.09),(417,38,NULL,135,20.69),(418,38,NULL,278,17.99),(419,38,NULL,134,14.89),(420,38,NULL,277,13.29),(421,38,NULL,133,12.19),(422,38,NULL,236,11.69),(423,38,NULL,132,10.49),(424,38,NULL,131,10.39),(425,38,NULL,130,9.29),(426,38,NULL,284,8.19),(427,38,NULL,287,8.19),(428,39,NULL,232,27.79),(429,39,NULL,231,24.09),(430,39,NULL,230,20.69),(431,39,NULL,229,14.89),(432,39,NULL,228,11.99),(433,39,NULL,227,10.49),(434,40,NULL,235,24.39),(435,40,NULL,225,16.39),(436,40,NULL,288,12.69),(437,41,NULL,289,9.99),(438,42,NULL,290,127.49),(439,43,NULL,138,40.59),(440,43,NULL,137,28.99),(441,43,NULL,136,21.59),(442,43,NULL,135,17.49),(443,43,NULL,278,14.59),(444,43,NULL,134,13.79),(445,43,NULL,277,11.19),(446,43,NULL,133,10.09),(447,43,NULL,236,10.09),(448,43,NULL,132,9.49),(449,43,NULL,131,8.99),(450,43,NULL,130,8.69),(451,43,NULL,284,8.39),(452,43,NULL,287,7.79),(453,43,NULL,292,7.79),(454,44,NULL,296,8.49),(455,44,NULL,295,8.99),(456,44,NULL,294,9.49),(457,44,NULL,293,10.09),(458,46,NULL,297,27.69),(459,46,NULL,298,22.89),(460,46,NULL,299,17.29),(461,46,NULL,300,13.29),(462,46,NULL,301,11.29),(463,46,NULL,302,10.89),(464,47,NULL,303,23.39),(465,47,NULL,304,17.99),(466,47,NULL,305,16.09),(467,47,NULL,306,12.89),(468,48,NULL,282,82.39),(469,49,NULL,282,82.39),(470,50,NULL,282,60.49),(471,51,NULL,283,73.79),(472,52,NULL,289,9.99),(473,59,NULL,NULL,2.99),(474,33,NULL,NULL,18.74),(475,34,NULL,NULL,17.24),(476,35,NULL,NULL,14.99),(477,54,NULL,310,16.79),(478,54,NULL,60,27.99),(479,54,NULL,64,35.99),(480,54,NULL,107,39.99),(481,54,NULL,17,42.49),(482,55,NULL,317,27.39),(483,55,NULL,318,29.29),(484,55,NULL,319,40.29),(485,55,NULL,320,49.99),(486,56,NULL,64,20.49),(487,56,NULL,20,33.69),(488,56,NULL,27,53.79),(489,57,NULL,321,1.89),(490,57,NULL,310,2.79),(491,57,NULL,60,4.59),(492,57,NULL,17,7.39),(493,57,NULL,322,22.79),(494,57,NULL,39,40.79),(495,58,NULL,323,17.99),(496,60,354,NULL,7.69),(497,60,355,NULL,7.69),(498,60,85,NULL,7.69),(499,60,356,NULL,7.69),(500,60,357,NULL,7.69),(501,60,358,NULL,7.69),(502,60,359,NULL,7.69),(503,60,117,NULL,7.69),(504,60,128,NULL,7.69),(505,60,38,NULL,7.69),(506,60,68,NULL,7.69),(507,61,106,NULL,8.29),(508,61,69,NULL,8.29),(509,61,360,NULL,8.29),(510,61,38,NULL,8.29),(511,61,361,NULL,8.29),(512,61,362,NULL,8.29),(513,61,363,NULL,8.29),(514,61,280,NULL,8.29),(515,61,68,NULL,8.29),(516,61,356,NULL,8.29),(517,62,5,NULL,8.29),(518,62,9,NULL,8.29),(519,62,59,NULL,8.29),(520,62,23,NULL,8.29),(521,62,33,NULL,8.29),(522,62,56,NULL,8.29),(523,62,50,NULL,8.29),(524,62,60,NULL,8.29),(525,62,364,NULL,8.29),(526,62,365,NULL,8.29),(527,62,54,NULL,8.29),(528,62,167,NULL,8.29),(529,62,284,NULL,8.29),(530,62,12,NULL,8.29),(531,62,38,NULL,8.29),(532,62,1,NULL,8.29),(533,63,366,NULL,8.29),(534,63,367,NULL,8.29),(535,63,368,NULL,8.29),(536,63,369,NULL,8.29),(537,63,370,NULL,8.29),(538,63,371,NULL,8.29),(539,64,153,NULL,8.29),(540,64,372,NULL,8.29),(541,64,128,NULL,8.29),(542,64,88,NULL,8.29),(543,64,373,NULL,8.29),(544,65,NULL,69,135.29),(545,66,NULL,69,108.24),(546,67,NULL,67,78.69),(547,68,NULL,324,19.19),(548,69,NULL,325,8.39),(549,70,NULL,325,8.39),(550,71,NULL,67,23.79),(551,72,NULL,67,23.79),(552,73,NULL,328,83.29),(553,74,NULL,329,95.19),(554,75,NULL,67,17.89),(555,76,NULL,327,106.69),(556,77,NULL,326,53.29),(557,78,NULL,69,35.69),(558,79,NULL,327,106.69),(559,80,NULL,329,72.59),(560,81,NULL,67,17.89),(561,82,NULL,265,10.19),(562,82,NULL,265,10.19),(563,82,NULL,265,10.19),(564,82,NULL,265,10.19),(565,82,NULL,265,10.19),(566,82,NULL,265,10.19),(567,82,NULL,265,10.19),(568,82,NULL,265,10.19),(569,82,NULL,265,10.19),(570,82,NULL,265,10.19),(571,82,NULL,265,10.19),(572,82,NULL,265,10.19),(573,82,NULL,265,10.19),(574,82,NULL,265,10.19),(575,82,NULL,265,10.19),(576,82,NULL,265,10.19),(577,82,NULL,265,10.19),(578,82,NULL,265,10.19),(579,82,NULL,265,10.19),(580,82,NULL,265,10.19),(581,82,NULL,265,10.19),(582,82,NULL,265,10.19),(583,82,NULL,265,10.19),(584,82,NULL,265,10.19),(585,82,NULL,265,10.19),(586,82,NULL,265,10.19),(587,82,NULL,265,10.19),(588,82,NULL,265,10.19),(589,82,NULL,265,10.19),(590,82,NULL,265,10.19),(591,83,68,330,3.59),(592,83,68,331,3.59),(593,83,68,332,3.59),(594,83,68,333,3.59),(595,83,68,334,3.59),(596,83,68,335,3.59),(597,83,374,331,3.59),(598,83,374,332,3.59),(599,83,374,333,3.59),(600,83,148,331,3.59),(601,83,148,332,3.59),(602,83,148,333,3.59),(603,84,NULL,336,10.79),(604,85,NULL,336,10.79),(605,86,NULL,336,10.79),(606,87,NULL,325,17.99),(607,88,NULL,337,48.09),(608,88,NULL,64,58.69),(609,88,NULL,338,71.09),(610,88,NULL,20,85.69),(611,89,NULL,337,48.09),(612,89,NULL,64,58.69),(613,89,NULL,338,71.09),(614,89,NULL,20,85.69),(615,90,NULL,337,48.09),(616,90,NULL,64,58.69),(617,90,NULL,338,71.09),(618,90,NULL,20,85.69),(619,91,NULL,339,11.79),(620,92,NULL,339,11.79),(621,93,NULL,339,11.79),(622,94,NULL,NULL,25.29),(623,95,NULL,64,18.69),(624,95,NULL,17,22.39),(625,96,NULL,308,12.39),(626,96,NULL,64,18.69),(627,96,NULL,17,22.39),(628,45,81,144,13.99),(629,45,163,144,31.59),(630,45,63,144,13.99),(631,45,164,144,31.59),(632,45,165,144,13.99),(633,45,166,144,21.49),(634,45,167,144,31.59),(635,45,168,144,13.99),(636,45,169,144,31.59),(637,45,170,144,13.99),(638,45,40,144,31.59),(639,45,171,144,13.99),(640,45,172,144,13.99),(641,45,173,144,31.59),(642,45,174,144,13.99),(643,45,175,144,31.59),(644,45,176,144,13.99),(645,45,1,144,13.99),(646,45,177,144,13.99),(647,45,375,144,13.99),(648,45,179,144,21.49),(649,45,180,144,21.49),(650,45,181,144,13.99),(651,45,182,144,21.49),(652,45,183,144,16.49),(653,45,184,144,16.49),(654,45,185,144,16.49),(655,45,186,144,16.49),(656,45,106,144,16.49),(657,45,33,144,21.49),(658,45,187,144,13.99),(659,45,188,144,13.99),(660,45,189,144,16.49),(661,45,190,144,16.49),(662,45,191,144,21.49),(663,45,192,144,13.99),(664,45,193,144,13.99),(665,45,56,144,13.99),(666,45,194,144,13.99),(667,45,195,144,16.49),(668,45,196,144,21.49),(669,45,53,144,31.59),(670,45,197,144,13.99),(671,45,117,144,13.99),(672,45,54,144,31.59),(673,45,55,144,13.99),(674,45,126,144,16.49),(675,45,198,144,13.99),(676,45,199,144,31.59),(677,45,200,144,16.49),(678,45,52,144,16.49),(679,45,201,144,21.49),(680,45,202,144,16.49),(681,45,203,144,16.49),(682,45,204,144,16.49),(683,45,205,144,13.99),(684,45,46,144,16.49),(685,45,48,144,16.49),(686,45,49,144,16.49),(687,45,206,144,16.49),(688,45,83,144,13.99),(689,45,207,144,13.99),(690,45,5,144,13.99),(691,45,23,144,13.99),(692,45,208,144,13.99),(693,45,38,144,13.99),(694,45,209,144,21.49),(695,45,210,144,21.49),(696,45,32,144,13.99),(697,45,59,144,13.99),(698,45,13,144,13.99),(699,45,148,144,13.99),(700,45,12,144,13.99),(701,45,212,144,21.49),(702,45,60,144,13.99),(703,45,154,144,13.99),(704,45,156,144,13.99),(705,45,15,144,13.99),(706,45,62,144,13.99),(707,45,213,144,13.99),(708,45,153,144,21.49),(709,45,88,144,21.49),(710,45,60,42,28.99),(711,45,154,42,28.99),(712,45,156,42,28.99),(713,45,62,42,28.99),(714,45,213,42,28.99),(715,97,NULL,64,18.69),(716,97,NULL,17,23.69),(717,97,NULL,30,52.29),(718,98,NULL,64,18.69),(719,98,NULL,17,23.69),(720,98,NULL,30,52.29),(721,99,NULL,206,7.49),(722,99,NULL,64,12.39),(723,99,NULL,17,14.99),(724,99,NULL,113,21.29),(725,100,NULL,337,24.89),(726,100,NULL,64,30.99),(727,100,NULL,17,37.39),(728,101,NULL,206,11.29),(729,101,NULL,340,17.59),(730,101,NULL,17,28.79),(731,102,NULL,64,16.09),(732,103,NULL,337,18.69),(733,103,NULL,64,22.39),(734,103,NULL,17,30.99),(735,104,NULL,64,14.99),(736,104,NULL,17,21.99),(737,105,144,17,9.99),(738,105,68,17,9.99),(739,105,463,17,9.99),(740,106,NULL,NULL,9.99),(741,107,NULL,NULL,9.99),(742,108,NULL,NULL,9.99),(743,109,NULL,NULL,9.99),(744,110,NULL,NULL,9.99),(745,111,NULL,NULL,9.99),(746,112,NULL,341,23.69),(747,112,NULL,342,38.39),(748,113,NULL,341,23.69),(749,113,NULL,342,38.39),(750,114,NULL,341,23.69),(751,114,NULL,342,38.39),(752,115,NULL,341,23.69),(753,115,NULL,342,38.39),(754,116,NULL,343,23.39),(755,116,NULL,342,38.49),(756,117,NULL,343,23.39),(757,117,NULL,342,38.49),(758,118,NULL,344,15.49),(759,118,NULL,203,25.89),(760,118,NULL,345,44.89),(761,119,NULL,344,15.49),(762,119,NULL,203,25.89),(763,119,NULL,345,44.89),(764,120,NULL,344,15.49),(765,120,NULL,203,25.89),(766,120,NULL,345,44.89),(767,121,NULL,267,14.59),(768,121,NULL,346,25.59),(769,121,NULL,347,40.99),(770,121,NULL,348,65.99),(771,121,NULL,349,106.69),(772,121,NULL,350,185.89),(773,121,NULL,351,200.00),(774,121,NULL,352,300.00),(775,122,NULL,267,14.59),(776,122,NULL,346,25.59),(777,122,NULL,348,65.99),(778,122,NULL,349,106.69),(779,122,NULL,350,185.89),(780,122,NULL,351,200.00),(781,122,NULL,352,300.00),(782,123,NULL,346,25.59),(783,123,NULL,347,40.99),(784,123,NULL,348,65.99),(785,123,NULL,349,106.69),(786,123,NULL,350,185.89),(787,123,NULL,351,200.00),(788,123,NULL,352,300.00),(789,124,NULL,NULL,33.59),(790,125,NULL,NULL,21.09),(791,126,NULL,NULL,21.09),(792,127,NULL,346,22.59),(793,127,NULL,347,36.29),(794,127,NULL,348,53.69),(795,127,NULL,349,81.39),(796,127,NULL,350,138.29),(797,128,NULL,346,22.59),(798,128,NULL,347,36.29),(799,128,NULL,348,53.69),(800,128,NULL,350,138.29),(801,129,NULL,346,22.59),(802,129,NULL,347,36.29),(803,129,NULL,348,53.69),(804,129,NULL,349,81.39),(805,129,NULL,350,138.29),(806,129,NULL,351,170.00),(807,129,NULL,352,250.00),(808,130,NULL,346,22.59),(809,130,NULL,347,36.29),(810,130,NULL,348,53.69),(811,130,NULL,349,81.39),(812,130,NULL,350,138.29),(813,130,NULL,351,170.00),(814,130,NULL,352,250.00),(815,131,NULL,346,23.39),(816,131,NULL,353,38.49),(817,132,NULL,346,23.39),(818,132,NULL,353,38.49),(819,133,NULL,346,23.39),(820,133,NULL,353,38.49),(821,134,NULL,NULL,14.59),(822,135,NULL,NULL,22.59),(823,136,NULL,NULL,14.59),(824,137,NULL,NULL,22.59),(825,138,NULL,344,15.49),(826,138,NULL,343,23.39),(827,139,NULL,344,15.49),(828,139,NULL,343,23.39),(829,140,NULL,354,61.59),(830,141,NULL,NULL,35.69),(831,142,16,42,8.99),(832,142,163,42,8.99),(833,142,42,42,8.99),(834,142,284,42,8.99),(835,142,35,42,8.99),(836,142,3,42,8.99),(837,142,375,42,8.99),(838,142,106,42,8.99),(839,142,285,42,8.99),(840,142,11,42,8.99),(841,142,54,42,8.99),(842,142,53,42,8.99),(843,142,46,42,8.99),(844,142,276,42,8.99),(845,142,5,42,8.99),(846,142,23,42,8.99),(847,142,38,42,8.99),(848,142,12,42,8.99),(849,142,13,42,8.99),(850,142,60,42,8.99),(851,142,16,204,25.59),(852,142,163,204,25.59),(853,142,42,204,25.59),(854,142,284,204,25.59),(855,142,35,204,25.59),(856,142,3,204,25.59),(857,142,375,204,25.59),(858,142,106,204,25.59),(859,142,285,204,25.59),(860,142,11,204,25.59),(861,142,54,204,25.59),(862,142,53,204,25.59),(863,142,46,204,25.59),(864,142,276,204,25.59),(865,142,5,204,25.59),(866,142,23,204,25.59),(867,142,38,204,25.59),(868,142,12,204,25.59),(869,142,13,204,25.59),(870,142,60,204,25.59),(871,143,NULL,205,8.62),(872,143,NULL,206,14.24),(873,143,NULL,60,20.24),(874,144,NULL,206,14.24),(875,145,NULL,206,14.24),(876,146,NULL,206,8.99),(877,147,NULL,206,14.24),(878,148,301,261,14.92),(879,148,302,261,14.92),(880,148,303,261,15.99),(881,148,304,261,15.99),(882,148,305,261,15.99),(883,148,306,261,19.39),(884,148,307,261,15.99),(885,148,308,261,15.99),(886,148,14,261,14.29),(887,148,16,261,14.29),(888,148,309,261,14.29),(889,148,60,261,14.29),(890,148,310,261,14.29),(891,148,311,261,14.29),(892,148,59,261,14.29),(893,148,12,261,14.29),(894,148,38,261,14.29),(895,148,312,261,14.29),(896,148,23,261,14.29),(897,148,313,261,14.29),(898,148,314,261,19.39),(899,148,315,261,14.29),(900,148,67,261,19.39),(901,148,316,261,19.39),(902,148,317,261,14.29),(903,148,318,261,14.29),(904,148,319,261,14.29),(905,148,117,261,14.29),(906,148,320,261,14.29),(907,148,197,261,14.29),(908,148,321,261,14.29),(909,148,322,261,14.29),(910,148,323,261,14.29),(911,148,11,261,14.29),(912,148,324,261,19.39),(913,148,190,261,14.29),(914,148,325,261,14.29),(915,148,33,261,19.39),(916,148,326,261,19.39),(917,148,181,261,14.29),(918,148,327,261,19.39),(919,148,92,261,19.39),(920,148,328,261,19.39),(921,148,329,261,19.39),(922,148,330,261,14.29),(923,148,331,261,14.29),(924,148,332,261,19.39),(925,148,333,261,19.39),(926,148,63,261,14.29),(927,148,334,261,19.39),(928,149,NULL,262,39.59),(929,149,NULL,263,71.49);
/*!40000 ALTER TABLE `product_item` ENABLE KEYS */;
UNLOCK TABLES;

--
-- Table structure for table `product_manufacturer`
--

DROP TABLE IF EXISTS `product_manufacturer`;
/*!40101 SET @saved_cs_client     = @@character_set_client */;
/*!50503 SET character_set_client = utf8mb4 */;
CREATE TABLE `product_manufacturer` (
  `manufacturer_id` int NOT NULL,
  `manufacturer_name` varchar(200) NOT NULL,
  PRIMARY KEY (`manufacturer_id`)
) ENGINE=InnoDB DEFAULT CHARSET=utf8mb3;
/*!40101 SET character_set_client = @saved_cs_client */;

--
-- Dumping data for table `product_manufacturer`
--

LOCK TABLES `product_manufacturer` WRITE;
/*!40000 ALTER TABLE `product_manufacturer` DISABLE KEYS */;
INSERT INTO `product_manufacturer` VALUES (4,'Liquitex'),(13,'Winsor & Newton'),(18,'Stillman & Birn');
/*!40000 ALTER TABLE `product_manufacturer` ENABLE KEYS */;
UNLOCK TABLES;

--
-- Table structure for table `product_size`
--

DROP TABLE IF EXISTS `product_size`;
/*!40101 SET @saved_cs_client     = @@character_set_client */;
/*!50503 SET character_set_client = utf8mb4 */;
CREATE TABLE `product_size` (
  `size_id` int NOT NULL,
  `size_description` varchar(200) NOT NULL,
  PRIMARY KEY (`size_id`)
) ENGINE=InnoDB DEFAULT CHARSET=utf8mb3;
/*!40101 SET character_set_client = @saved_cs_client */;

--
-- Dumping data for table `product_size`
--

LOCK TABLES `product_size` WRITE;
/*!40000 ALTER TABLE `product_size` DISABLE KEYS */;
INSERT INTO `product_size` VALUES (1,'#0 Bright'),(2,'#1 Bright'),(3,'#10 Bright'),(4,'#12 Bright'),(5,'#14 Bright'),(6,'#16 Bright'),(7,'#18 Bright'),(8,'#2 Bright'),(9,'#20 Bright'),(10,'#22 Bright'),(11,'#24 Bright'),(12,'#4 Bright'),(13,'#6 Bright'),(14,'#8 Bright'),(15,'1\"'),(16,'10\" x 10\" (pack of 10)'),(17,'11\" x 14\"'),(18,'11\" x 14\" (pack of 10)'),(19,'12\" x 12\" (pack of 10)'),(20,'12\" x 16\"'),(21,'12\" x 16\" (pack of 10)'),(22,'12\" x 36\" (pack of 10)'),(23,'14\" x 18\"'),(24,'14\" x 18\" (pack of 10)'),(25,'150 ml'),(26,'16 oz'),(27,'16\" x 20\"'),(28,'16\" x 20\" (pack of 10)'),(29,'18\" x 18\" (pack of 10)'),(30,'18\" x 24\"'),(31,'18\" x 24\" (pack of 10)'),(32,'2\"'),(33,'20\" x 24\" (pack of 10)'),(34,'20\" x 30\" (pack of 10)'),(35,'22\" x 28\" (pack of 10)'),(36,'24\" x  30\"'),(37,'24\" x 24\" (pack of 10)'),(38,'24\" x 30\" (pack of 10)'),(39,'24\" x 36\"'),(40,'24\" x 36\" (pack of 10)'),(41,'3\"'),(42,'37 ml / 1.25 oz'),(43,'4\"'),(44,'4\" x 4\" (pack of 10)'),(45,'4\" x 6\" (pack of 10)'),(46,'59 ml / 2 fl oz'),(47,'5\" x 5\" (pack of 10)'),(48,'5\" x 7\" (pack of 10)'),(49,'54\" x 3 yds'),(50,'57\" x 3 yds'),(51,'57\" x 6 yds'),(52,'58\" x 3 yds'),(53,'6\" x 12\" (pack of 10)'),(54,'61\" x 3 yds'),(55,'62\" x 3 yds'),(56,'62\" x 6 yds'),(57,'72\" x 3 yds'),(58,'72\" x 6 yds'),(59,'8 oz'),(60,'8\" x 10\"'),(61,'8\" x 10\" (pack of 10)'),(62,'8\" x 16\" (pack of 10)'),(63,'8\" x 24\" (pack of 10)'),(64,'9\" x 12\"'),(65,'9\" x 12\" (pack of 10)'),(66,'5 ml / .17 oz'),(67,'12 Pieces'),(68,'18 Pieces'),(69,'24 Pieces'),(70,'24 Pan'),(71,'36 Pan'),(72,'15 ml'),(73,'40 ml'),(74,'1 pc - Calligraphy Cap'),(75,'1 pc - Fat Cap Pink'),(76,'1 pc - Fat Cap'),(77,'1 pc - Level 1 Ultra Skinny'),(78,'1 pc - Level 2 Fine Skinny'),(79,'1 pc - Level 3 Skinny'),(80,'1 pc - Level 4 Soft Fat'),(81,'1 pc - Level 5 Fat'),(82,'1 pc - Level 6 Ultra Fat'),(83,'1 pc - Maclaim'),(84,'1 pc - Skinny Beige'),(85,'1 pc - Skinny Black'),(86,'6\" x 6\" (pack of 10)'),(87,'6\" x 12\" (pack of 6)'),(88,'8\" x 8\" (pack of 6)'),(89,'8\" x 10\" (pack of 6)'),(90,'9\" x 12\" (pack of 6)'),(91,'10\" x 10\" (pack of 6)'),(92,'11\" x 14\" (pack of 6)'),(93,'12\" x 12\" (pack of 6)'),(94,'12\" x 16\" (pack of 6)'),(95,'12\" x 24\" (pack of 6)'),(96,'12\" x 36\" (pack of 6)'),(97,'14\" x 14\" (pack of 6)'),(98,'16\" x 16\" (pack of 6)'),(99,'16\" x 20\" (pack of 6)'),(100,'18\" x 18\" (pack of 6)'),(101,'18\" x 24\" (pack of 6)'),(102,'20\" x 30\" (pack of 6)'),(103,'24\" x 24\" (pack of 6)'),(104,'24\" x 30\" (pack of 6)'),(105,'24\" x 36\" (pack of 6)'),(106,'36\" x 36\" (pack of 4)'),(107,'12\" x 12\"'),(108,'5\" x 7\" (Pack of 3)'),(109,'11\" x 15\"'),(110,'13\" x 17\"'),(111,'15\" x 20\"'),(112,'6\" x 8\"'),(113,'14\" x 17\"'),(114,'8\" x 12\"'),(115,'20 ml'),(116,'#0 Filbert'),(117,'#1 Filbert'),(118,'#2 Filbert'),(119,'#4 Filbert'),(120,'#6 Filbert'),(121,'#8 Filbert'),(122,'#10 Filbert'),(123,'#12 Filbert'),(124,'#14 Filbert'),(125,'#16 Filbert'),(126,'#18 Filbert'),(127,'#20 Filbert'),(128,'#22 Filbert'),(129,'#24 Filbert'),(130,'#0 Round'),(131,'#1 Round'),(132,'#2 Round'),(133,'#4 Round'),(134,'#6 Round'),(135,'#8 Round'),(136,'#10 Round'),(137,'#12 Round'),(138,'#14 Round'),(139,'#16 Round'),(140,'#18 Round'),(141,'#20 Round'),(142,'#22 Round'),(143,'#24 Round'),(144,'14 ml / .47 oz'),(145,'9 mm'),(146,'12 mm'),(147,'15 mm'),(148,'1/4\"'),(149,'1/2\"'),(150,'3/4\"'),(151,'Angle Shader #12/0'),(152,'Angle Shader #0'),(153,'Angle Shader #4'),(154,'Dagger Striper 1/8\"'),(155,'Dagger Striper 1/4\"'),(156,'Deer Foot 1/4\"'),(157,'Extra Long Liner #30/0'),(158,'Extra Long Liner #20/0'),(159,'Fan #20/0'),(160,'Fan #12/0'),(161,'Filbert #10/0'),(162,'Filbert #2'),(163,'Flat Shader #10/0'),(164,'Flat Shader #2/0'),(165,'Flat Shader #2'),(166,'Grainer 3/8\"'),(167,'Liner #20/0'),(168,'Liner #1'),(169,'Monogram #20/0'),(170,'Round #20/0'),(171,'Round #12/0'),(172,'Round #3/0'),(173,'Round #2/0'),(174,'Round #0'),(175,'Round #2'),(176,'Round #4'),(177,'Spotter #20/0'),(178,'Spotter #3'),(179,'Tight Spot Detailer #5/0'),(180,'Tight Spot Detailer #0'),(181,'8B'),(182,'7B'),(183,'6B'),(184,'5B'),(185,'4B'),(186,'3B'),(187,'2B'),(188,'B'),(189,'F'),(190,'HB'),(191,'H '),(192,'2H'),(193,'3H'),(194,'4H'),(195,'5H'),(196,'6H'),(197,'1 oz'),(198,'32 oz'),(199,'Large'),(200,'X-Large'),(201,'1.75 lb'),(202,'8 lb'),(203,'225 ml / 7.6 oz'),(204,'200 ml / 6.75 oz'),(205,'3.5\" x 5.5\"'),(206,'5.5\" x 8.5\"'),(207,'Diamond Mesh-Aluminum 1/4\" Pattern'),(208,'Gallery Mesh-Aluminum 1/2\" Pattern'),(209,'Impression Mesh-Copper 1/8\" Pattern'),(210,'Sparkle Mesh-Aluminum 1/8\" Pattern'),(211,'Studio Mesh-Aluminum 3/8\" Pattern'),(212,'Designer Mesh-Brass-18 Mesh-20\" x 5\''),(213,'Diamond Mesh-Aluminum 1/4\"-20\" x 10\''),(214,'Gallery Mesh-Aluminum 1/2\"-20\" x 10\''),(215,'Impression Mesh-Copper 1/8\"-20\" x 5\''),(216,'Sparkle Mesh-Aluminum 1/8\"-20\" x 10\''),(217,'Aluminum-.005 Foil'),(218,'Brass-.002 Foil'),(219,'Brass-.005 Foil'),(220,'Copper-.003 Foil'),(221,'Copper-.005 Foil'),(222,'Stainless Steel-.002 Foil'),(223,'#6 Angle Bright'),(224,'#12 Angle Bright'),(225,'#3 Fan'),(226,'#8 Fan'),(227,'#2 Flat'),(228,'#4 Flat'),(229,'#6 Flat'),(230,'#8 Flat'),(231,'#10 Flat'),(232,'#12 Flat'),(233,'#16 Flat'),(234,'#20 Flat'),(235,'#6 Fan'),(236,'#3 Round'),(237,'#2/0 Round'),(238,'1/4\" Angle Shader'),(239,'1/2\" Angle Shader'),(240,'3/4\" Angle Wash'),(241,'1 1/2\" Flat Wash'),(242,'#10/0 Liner'),(243,'#1 Liner'),(244,'#2 Liner'),(245,'3/4\" Oval Wash'),(246,'1\" Stroke'),(247,'1\" Wash'),(248,'#1 Angle Shader'),(249,'#4 Bright Shader '),(250,'#4 Fan'),(251,'#6 Flat Shader'),(252,'#4 Liner'),(253,'#10 Angle Bright'),(254,'#2 Fan'),(255,'8\" x 10\" (pack of 5)'),(256,'11\" x 14\" (pack of 5)'),(257,'12\" x 12\" (pack of 5)'),(258,'18\" x 24\" (pack of 5)'),(259,'24\" x 24\" (pack of 5)'),(260,'50 ml'),(261,'59 ml / 2 oz'),(262,'13 Pieces'),(263,'19 Pieces'),(264,'400 ml / 12 oz'),(265,'30 ml / 1 oz'),(266,'22 ml / .74 oz'),(267,'118 ml / 4 oz'),(268,'8 ml / .27 oz'),(269,'#3 Bright'),(270,'#5 Bright'),(271,'#7 Bright'),(272,'#3 Flat'),(273,'#5 Flat'),(274,'#7 Flat'),(275,'#1 Flat'),(276,'#3 Round'),(277,'#5 Round'),(278,'#7 Round'),(279,'#3 Filbert'),(280,'#5 Filbert'),(281,'#7 Filbert'),(282,'4 pack'),(283,'5 pack'),(284,'#00 Round'),(285,'#28 Bright'),(286,'#14 Flat'),(287,'#000 Round'),(288,'#1 Fan'),(289,'3 pack'),(290,'50 mm / 2'),(291,'#9 Round'),(292,'#0000 Round'),(293,'#0 Rigger'),(294,'#1 Rigger'),(295,'#2 Rigger'),(296,'#3 Rigger'),(297,'25 mm Filbert'),(298,'19 mm Filbert'),(299,'13 mm Filbert'),(300,'10 mm Filbert'),(301,'6 mm Filbert'),(302,'3 mm Filbert'),(303,'13 mm Angled'),(304,'10 mm Angled'),(305,'6 mm Angled'),(306,'3 mm Angled'),(307,'4\" x 4\"'),(308,'4\" x 6\"'),(309,'5\" x 5\"'),(310,'5\" x 7\"'),(311,'6\" x 6\"'),(312,'10\" x 10\"'),(313,'18\" x 18\"'),(314,'8\" x 8\"'),(315,'39\" x 39\"'),(316,'71\" x 6 yds'),(317,'11\" x 14\" (3 pack)'),(318,'12\" x 16\" (3 pack)'),(319,'16\" x 20\" (3 pack)'),(320,'18\" x 24\" (3 pack)'),(321,'3\" x 5\"'),(322,'20\" x 24\"'),(323,'12\" x 10\" (3 pack)'),(324,'10 Pieces'),(325,'5 Pieces'),(326,'27 Pieces'),(327,'72 Pieces'),(328,'45 Pieces'),(329,'50 Pieces'),(330,'0.05 Nib'),(331,'0.1 Nib'),(332,'0.3 Nib'),(333,'0.5 Nib'),(334,'0.8 Nib'),(335,'1.0 Nib'),(336,'3 Pieces'),(337,'7\" x 10\"'),(338,'10\" x 14\"'),(339,'56 x 76 cm'),(340,'8.5\" x 11\"'),(341,'250 ml / 8.5 oz'),(342,'500 ml / 16.9 oz'),(343,'250 ml / 8.4 oz'),(344,'125 ml / 4.2 oz'),(345,'450 ml / 15.2 oz'),(346,'237 ml / 8 oz'),(347,'473 ml / 16 oz'),(348,'946 ml / 32 oz'),(349,'1.89 L / .5 Gallon'),(350,'3.78 L / 1 Gallon'),(351,'5 L / 169 oz'),(352,'10 L / 338 oz'),(353,'474 ml / 16 oz'),(354,'6 Pieces');
/*!40000 ALTER TABLE `product_size` ENABLE KEYS */;
UNLOCK TABLES;

--
-- Table structure for table `product_subcategory`
--

DROP TABLE IF EXISTS `product_subcategory`;
/*!40101 SET @saved_cs_client     = @@character_set_client */;
/*!50503 SET character_set_client = utf8mb4 */;
CREATE TABLE `product_subcategory` (
  `subcategory_id` int NOT NULL,
  `category_id` int NOT NULL,
  `subcategory_name` varchar(200) NOT NULL,
  PRIMARY KEY (`subcategory_id`),
  KEY `CategoryID` (`category_id`),
  CONSTRAINT `product_subcategory_ibfk_1` FOREIGN KEY (`category_id`) REFERENCES `product_category` (`category_id`)
) ENGINE=InnoDB DEFAULT CHARSET=utf8mb3;
/*!40101 SET character_set_client = @saved_cs_client */;

--
-- Dumping data for table `product_subcategory`
--

LOCK TABLES `product_subcategory` WRITE;
/*!40000 ALTER TABLE `product_subcategory` DISABLE KEYS */;
INSERT INTO `product_subcategory` VALUES (1,1,'Oil'),(2,1,'Acrylic'),(3,1,'Watercolor'),(4,1,'Gouache'),(5,1,'Spray Paint'),(6,2,'Unstretched Canvas'),(7,2,'Stretched Canvas'),(8,2,'Canvas Pad'),(9,2,'Canvas Boards'),(11,3,'Oil Painting Brushes'),(12,3,'Acrylic Painting Brushes'),(13,3,'Watercolor Painting Brushes'),(14,3,'Paint Brush Sets'),(15,4,'Sketchbooks'),(16,4,'Watercolor Paper'),(17,4,'Drawing Paper'),(18,4,'Mixed Media Paper'),(19,5,'Pencils'),(20,5,'Markers'),(21,5,'Pens and Ink'),(22,5,'Erasers'),(23,6,'Acrylic'),(24,6,'Varnish'),(25,6,'Paste & Gels'),(26,6,'Additives');
/*!40000 ALTER TABLE `product_subcategory` ENABLE KEYS */;
UNLOCK TABLES;

--
-- Table structure for table `users`
--

DROP TABLE IF EXISTS `users`;
/*!40101 SET @saved_cs_client     = @@character_set_client */;
/*!50503 SET character_set_client = utf8mb4 */;
CREATE TABLE `users` (
  `UserID` int NOT NULL AUTO_INCREMENT,
  `Username` varchar(200) NOT NULL,
  `PasswordHash` varchar(200) NOT NULL,
  PRIMARY KEY (`UserID`),
  UNIQUE KEY `Username` (`Username`)
) ENGINE=InnoDB AUTO_INCREMENT=52 DEFAULT CHARSET=utf8mb3;
/*!40101 SET character_set_client = @saved_cs_client */;

--
-- Dumping data for table `users`
--

LOCK TABLES `users` WRITE;
/*!40000 ALTER TABLE `users` DISABLE KEYS */;
INSERT INTO `users` VALUES (1,'btripp1990','$2y$10$2vkVb6mudhc33nYSEvDRb.Q4ulVn5n.vHo4V4PFpzhtW.vNW1R4fy'),(13,'a','$2y$10$c7OFj2fMV/j.s7NcCQDkSeP4ltnFXuESrdHjkgzcI3A7004jUtznq'),(14,'b','$2y$10$TrL/rMLuWwfX5OJ7Yu7Ur.IFLNfPwHkWEOsHRJQoXxFfTr2qDHBGK'),(15,'test','$2y$10$jwRISmGhVkmjEebfHKWWouP2bRmOkmT/xFkGaVGDT9Xbh0QDfT17a'),(16,'t','$2y$10$rRC8bE69/5T5BvOhFyGH8O/XcZwDOW/3lObH1zy2Nc/XxNrOI/3cW'),(17,'r','$2y$10$RQqXQ4MJ0tHTuJMf8nOw5.ciK9PL/KVgNSNXO712jtUxlYPeMv0za'),(18,'fsafs','$2y$10$6uNOLad8YDMPXTBZFHw.ZugvryOz8RKP4tCYy.0MoxCbQOetfP.1e'),(19,'ff','$2y$10$WvdTJPf9p9ZPLi5SoqmVSeu0Z6vAhkMJCcCrwgVbmfDUzN0JR9PRS'),(20,'cc','$2y$10$u9MIXXoAgzW.hRNSGmwKresFuhYM7UbHCcRdDcXqfx0VY6FWKV6Hu'),(21,'asd','$2y$10$rqoO9k8qkZ0fB.qFOv2ZhuMLZfGH7TrqT54lVddQS3r6StR85wYFu'),(22,'as','$2y$10$T28z3UIi0tRExPL92np16.RU4po2P06OfNk64E.1Wp0DgokhsBMG2'),(23,'df','$2y$10$hF/bINhCl.DF873YV8e1w./1Xm6QkGskcBYGz.CTnjpfSFIzlYPLe'),(24,'fff','$2y$10$QcV0H8V7rL5lWU4YKtxkwea4WetHtYrHsKdVN3Bm98nECgyP6e6be'),(25,'ee','$2y$10$V0rt6lEWWRkeKbg7IDlxVuuSpU7cJLi89MBPc4d.JDBASn181qFU.'),(26,'eee','$2y$10$MHOQelu6vmrXaOFYF.So4ehnPxGGe3y9Iulkz52JmM4EdM9fSEWhG'),(27,'erd','$2y$10$ykNqnIFXmT5Pa3QVmRnxueXEjuNZObTVSKgvv14mI.hdHIxPcA5cm'),(28,'dfg','$2y$10$l/Oq0yXlZADPvq5pCMIr2O9bT/vqDcWCrKKUOtYck9ActUDJs0YNe'),(29,'dfgg','$2y$10$4IrOCm7t2DWmMEnp9QzUFeSfRVm1yVkI5z1k99HnhARhm8D4YjwQ2'),(30,'ads','$2y$10$ibCOGVr26cTLp3f8BLZFB.6/IF8D25WkLZFk.dmqorm8t3iwqH2K2'),(31,'qwe','$2y$10$ts0QUzFFdZ8UDsNtnukvu..t6g3hAydcfPdLLPb5S0NzstS7EGnQ2'),(32,'bubba','$2y$10$6T1UXZQObO7DGIXxKMPuDOnzN1bvwNfQTIokj8/TSobXoWgTPGcgi'),(33,'tat','$2y$10$wkmyz1FmRQrp25uJnGTAKu91uQwnW9V.PiHWgrxmhy6gm8onGQ0Eq'),(34,'bill','$2y$10$cmNfmPb1SRY9sAWdM9R47ucTcbFkurlsjVBJlr2nm8UyWKtmpi4Je'),(35,'btripp','$2y$10$w5XX2p9Y6nv/fa4682zfNuinMVyBcNAnpkAOpcSUo2gI8PdYxVIEe'),(36,'bdtripp','$2y$10$1DM0V77q3dKneZSBJs/d2uLPHraroiGnfz8FoZG43KLVUrPMR/X5q'),(37,'adsafgf','$2y$10$yz7KorjjIK6lj6edndrdXucxsUNOl3JG/pDgRrDQaThF8K6IJJKIi'),(38,'Dad','$2y$10$ri3iR3v1vTqyOjbV.MiEG.r6NIcpdixFIPNyfRVoa2xgALz3wZ6mC'),(39,'test1','$2y$10$6QZgv5CZFbx4Wq8ANkYQGunlYFdjvrXJqislmbPOU.Bs97v3g7BjS'),(40,'test2','$2y$10$48Hg4/WWfnFyIvzM2FOYUeLiu4maND8BJVfhjj4h2OziNaAkLqkmW'),(42,'test4','$2y$10$l85moZfLvX7DaZeXRnpzJOdz8.tjtkEgXQRycIFdPPuo6Pr2t8OOK'),(44,'test3','$2y$10$EQo71SrsG3jkUy7fKoGSb.HY8PVnFs6XMbpIQYiZSSF4vAEQ4E8Ru'),(45,'c','$2y$10$82eZhwGiphwsSVNAWzQNfOeQenyu9xLQAb7eGHtBq.CvB4omWPdIC'),(46,'d','$2y$10$g0JSHoVpYN1HBPafbZFfuO49ygY/MJqn75q7Mlg5ntD3Zzn7yqWBa'),(47,'e','$2y$10$D2WVDfQzhOhGovrj0oE96u1wAvineHjFJ.ci0twi2OBmE9IwwtQeO'),(48,'bdtripp2','$2y$10$FRVpOb1J9DzplC4s7wNoouL5RrQNwdR8X.1AziY196R4dYjhupEOG'),(49,'testa','$2y$10$.X9pHSk1p/.s3nQqrht.YOXEkgLcHnXLQJTfJlK8GXqzU.6aKomLy'),(50,'g','$2y$10$xo40ijoMzARgFqHQnL7/d.fGwnEDsOgJauaU00WJ.xC1e4q2TuqiO'),(51,'test6','$2y$10$JMeYDARGZ8RnCRYdTwFK5O8HjAYH0fv/kb.N5XfgTLkAS4gQenAXa');
/*!40000 ALTER TABLE `users` ENABLE KEYS */;
UNLOCK TABLES;
/*!40103 SET TIME_ZONE=@OLD_TIME_ZONE */;

/*!40101 SET SQL_MODE=@OLD_SQL_MODE */;
/*!40014 SET FOREIGN_KEY_CHECKS=@OLD_FOREIGN_KEY_CHECKS */;
/*!40014 SET UNIQUE_CHECKS=@OLD_UNIQUE_CHECKS */;
/*!40101 SET CHARACTER_SET_CLIENT=@OLD_CHARACTER_SET_CLIENT */;
/*!40101 SET CHARACTER_SET_RESULTS=@OLD_CHARACTER_SET_RESULTS */;
/*!40101 SET COLLATION_CONNECTION=@OLD_COLLATION_CONNECTION */;
/*!40111 SET SQL_NOTES=@OLD_SQL_NOTES */;

-- Dump completed on 2026-04-18 15:05:59
